TimeUS,SpyTT,SpyCR,SpyTR,PmpPos,PowF,PowR,AREA,Out,OutFlw,timestamp
221959814.0,0.0,0.0,0.0,0.0,0.0,0.0,0.0,0.0,0.0,1668050394.278835
222961684.0,0.0,0.0,0.0,0.0,0.0,0.0,0.0,0.0,0.0,1668050395.280705
223961667.0,0.0,0.0,0.0,0.0,0.0,0.0,0.0,0.0,0.0,1668050396.280688
227973580.0,0.0,0.0,0.0,0.0,0.0,0.0,0.0,0.0,0.0,1668050400.2926009
228973554.0,0.0,0.0,0.0,0.0,0.0,0.0,0.0,0.0,0.0,1668050401.292575
229973621.0,0.0,0.0,0.0,0.0,0.0,0.0,0.0,0.0,0.0,1668050402.2926419
233986942.0,0.0,0.0,0.0,0.0,0.0,0.0,0.0,0.0,0.0,1668050406.305963
234986927.0,0.0,0.0,0.0,0.0,0.0,0.0,0.0,0.0,0.0,1668050407.305948
238999205.0,0.0,0.0,0.0,0.0,0.0,0.0,0.0,0.0,0.0,1668050411.318226
239999264.0,0.0,0.0,0.0,0.0,0.0,0.0,0.0,0.0,0.0,1668050412.318285
240999263.0,0.0,0.0,0.0,0.0,0.0,0.0,0.0,0.0,0.0,1668050413.318284
241999277.0,0.0,0.0,0.0,0.0,0.0,0.0,0.0,0.0,0.0,1668050414.318298
242999414.0,0.0,0.0,0.0,0.0,0.0,0.0,0.0,0.0,0.0,1668050415.318435
247010981.0,0.0,0.0,0.0,0.0,0.0,0.0,0.0,0.0,0.0,1668050419.330002
248010903.0,0.0,0.0,0.0,0.0,0.0,0.0,0.0,0.0,0.0,1668050420.3299239
249011199.0,0.0,0.0,0.0,0.0,0.0,0.0,0.0,0.0,0.0,1668050421.33022
253022928.0,0.0,0.0,0.0,0.0,0.0,0.0,0.0,0.0,0.0,1668050425.341949
254023040.0,0.0,0.0,0.0,0.0,0.0,0.0,0.0,0.0,0.0,1668050426.342061
255023099.0,0.0,0.0,0.0,0.0,0.0,0.0,0.0,0.0,0.0,1668050427.34212
259034967.0,0.0,0.0,0.0,0.0,0.0,0.0,0.0,0.0,0.0,1668050431.353988
260035010.0,0.0,0.0,0.0,0.0,0.0,0.0,0.0,0.0,0.0,1668050432.354031
261034985.0,0.0,0.0,0.0,0.0,0.0,0.0,0.0,0.0,0.0,1668050433.354006
262035088.0,0.0,0.0,0.0,0.0,0.0,0.0,0.0,0.0,0.0,1668050434.354109
263035074.0,0.0,0.0,0.0,0.0,0.0,0.0,0.0,0.0,0.0,1668050435.354095
264035060.0,0.0,0.0,0.0,0.0,0.0,0.0,0.0,0.0,0.0,1668050436.354081
265035164.0,0.0,0.0,0.0,0.0,0.0,0.0,0.0,0.0,0.0,1668050437.354185
266035006.0,0.0,0.0,0.0,0.0,0.0,0.0,0.0,0.0,0.0,1668050438.354027
267034974.0,0.0,0.0,0.0,0.0,0.0,0.0,0.0,0.0,0.0,1668050439.353995
268035055.0,0.0,0.0,0.0,0.0,0.0,0.0,0.0,0.0,0.0,1668050440.354076
269035056.0,0.0,0.0,0.0,0.0,0.0,0.0,0.0,0.0,0.0,1668050441.354077
270035028.0,0.0,0.0,0.0,0.0,0.0,0.0,0.0,0.0,0.0,1668050442.354049
271035021.0,0.0,0.0,0.0,0.0,0.0,0.0,0.0,0.0,0.0,1668050443.354042
272035194.0,0.0,0.0,0.0,0.0,0.0,0.0,0.0,0.0,0.0,1668050444.354215
273035142.0,0.0,0.0,0.0,0.0,0.0,0.0,0.0,0.0,0.0,1668050445.354163
275034969.0,0.0,0.0,0.0,0.0,0.0,0.0,0.0,0.0,0.0,1668050447.35399
276035037.0,0.0,0.0,0.0,0.0,0.0,0.0,0.0,0.0,0.0,1668050448.354058
277034974.0,0.0,0.0,0.0,0.0,0.0,0.0,0.0,0.0,0.0,1668050449.353995
278034943.0,0.0,0.0,0.0,0.0,0.0,0.0,0.0,0.0,0.0,1668050450.353964
279034857.0,0.0,0.0,0.0,0.0,0.0,0.0,0.0,0.0,0.0,1668050451.353878
280034902.0,0.0,0.0,0.0,0.0,0.0,0.0,0.0,0.0,0.0,1668050452.353923
281035016.0,0.0,0.0,0.0,0.0,0.0,0.0,0.0,0.0,0.0,1668050453.354037
282034995.0,0.0,0.0,0.0,0.0,0.0,0.0,0.0,0.0,0.0,1668050454.354016
283035123.0,0.0,0.0,0.0,0.0,0.0,0.0,0.0,0.0,0.0,1668050455.354144
284035014.0,0.0,0.0,0.0,0.0,0.0,0.0,0.0,0.0,0.0,1668050456.354035
285034889.0,0.0,0.0,0.0,0.0,0.0,0.0,0.0,0.0,0.0,1668050457.35391
286035005.0,0.0,0.0,0.0,0.0,0.0,0.0,0.0,0.0,0.0,1668050458.354026
287034908.0,0.0,0.0,0.0,0.0,0.0,0.0,0.0,0.0,0.0,1668050459.353929
288034952.0,0.0,0.0,0.0,0.0,0.0,0.0,0.0,0.0,0.0,1668050460.353973
289034859.0,0.0,0.0,0.0,0.0,0.0,0.0,0.0,0.0,0.0,1668050461.35388
290046837.0,0.0,0.0,0.0,0.0,0.0,0.0,0.0,0.0,0.0,1668050462.365858
291047093.0,0.0,0.0,0.0,0.0,0.0,0.0,0.0,0.0,0.0,1668050463.366114
292046946.0,0.0,0.0,0.0,0.0,0.0,0.0,0.0,0.0,0.0,1668050464.365967
293046961.0,0.0,0.0,0.0,0.0,0.0,0.0,0.0,0.0,0.0,1668050465.365982
294046851.0,0.0,0.0,0.0,0.0,0.0,0.0,0.0,0.0,0.0,1668050466.365872
295047077.0,0.0,0.0,0.0,0.0,0.0,0.0,0.0,0.0,0.0,1668050467.366098
296046717.0,0.0,0.0,0.0,0.0,0.0,0.0,0.0,0.0,0.0,1668050468.365738
297046721.0,0.0,0.0,0.0,0.0,0.0,0.0,0.0,0.0,0.0,1668050469.365742
298046765.0,0.0,0.0,0.0,0.0,0.0,0.0,0.0,0.0,0.0,1668050470.365786
299046750.0,0.0,0.0,0.0,0.0,0.0,0.0,0.0,0.0,0.0,1668050471.365771
300046868.0,0.0,0.0,0.0,0.0,0.0,0.0,0.0,0.0,0.0,1668050472.365889
301046870.0,0.0,0.0,0.0,0.0,0.0,0.0,0.0,0.0,0.0,1668050473.365891
302046750.0,0.0,0.0,0.0,0.0,0.0,0.0,0.0,0.0,0.0,1668050474.365771
303046778.0,0.0,0.0,0.0,0.0,0.0,0.0,0.0,0.0,0.0,1668050475.365799
304046728.0,0.0,0.0,0.0,0.0,0.0,0.0,0.0,0.0,0.0,1668050476.365749
305046934.0,0.0,0.0,0.0,0.0,0.0,0.0,0.0,0.0,0.0,1668050477.3659549
306046840.0,0.0,0.0,0.0,0.0,0.0,0.0,0.0,0.0,0.0,1668050478.365861
307046804.0,0.0,0.0,0.0,0.0,0.0,0.0,0.0,0.0,0.0,1668050479.365825
308046918.0,0.0,0.0,0.0,0.0,0.0,0.0,0.0,0.0,0.0,1668050480.365939
309046938.0,0.0,0.0,0.0,0.0,0.0,0.0,0.0,0.0,0.0,1668050481.365959
310046950.0,0.0,0.0,0.0,0.0,0.0,0.0,0.0,0.0,0.0,1668050482.365971
311046892.0,0.0,0.0,0.0,0.0,0.0,0.0,0.0,0.0,0.0,1668050483.365913
312046735.0,0.0,0.0,0.0,0.0,0.0,0.0,0.0,0.0,0.0,1668050484.365756
313046911.0,0.0,0.0,0.0,0.0,0.0,0.0,0.0,0.0,0.0,1668050485.365932
314046746.0,0.0,0.0,0.0,0.0,0.0,0.0,0.0,0.0,0.0,1668050486.365767
315046860.0,0.0,0.0,0.0,0.0,0.0,0.0,0.0,0.0,0.0,1668050487.365881
316046785.0,0.0,0.0,0.0,0.0,0.0,0.0,0.0,0.0,0.0,1668050488.365806
317046721.0,0.0,0.0,0.0,0.0,0.0,0.0,0.0,0.0,0.0,1668050489.365742
318046866.0,0.0,0.0,0.0,0.0,0.0,0.0,0.0,0.0,0.0,1668050490.365887
319046746.0,0.0,0.0,0.0,0.0,0.0,0.0,0.0,0.0,0.0,1668050491.365767
320046722.0,0.0,0.0,0.0,0.0,0.0,0.0,0.0,0.0,0.0,1668050492.365743
321046790.0,0.0,0.0,0.0,0.0,0.0,0.0,0.0,0.0,0.0,1668050493.3658109
322046765.0,0.0,0.0,0.0,0.0,0.0,0.0,0.0,0.0,0.0,1668050494.365786
323046823.0,0.0,0.0,0.0,0.0,0.0,0.0,0.0,0.0,0.0,1668050495.365844
324046765.0,0.0,0.0,0.0,0.0,0.0,0.0,0.0,0.0,0.0,1668050496.365786
325046929.0,0.0,0.0,0.0,0.0,0.0,0.0,0.0,0.0,0.0,1668050497.3659499
326046764.0,0.0,0.0,0.0,0.0,0.0,0.0,0.0,0.0,0.0,1668050498.365785
327046889.0,0.0,0.0,0.0,0.0,0.0,0.0,0.0,0.0,0.0,1668050499.36591
328046804.0,0.0,0.0,0.0,0.0,0.0,0.0,0.0,0.0,0.0,1668050500.365825
329046829.0,0.0,0.0,0.0,0.0,0.0,0.0,0.0,0.0,0.0,1668050501.36585
330046823.0,0.0,0.0,0.0,0.0,0.0,0.0,0.0,0.0,0.0,1668050502.365844
331046850.0,0.0,0.0,0.0,0.0,0.0,0.0,0.0,0.0,0.0,1668050503.365871
332046780.0,0.0,0.0,0.0,0.0,0.0,0.0,0.0,0.0,0.0,1668050504.365801
333046808.0,0.0,0.0,0.0,0.0,0.0,0.0,0.0,0.0,0.0,1668050505.365829
334046797.0,0.0,0.0,0.0,0.0,0.0,0.0,0.0,0.0,0.0,1668050506.365818
335046782.0,0.0,0.0,0.0,0.0,0.0,0.0,0.0,0.0,0.0,1668050507.365803
336046880.0,0.0,0.0,0.0,0.0,0.0,0.0,0.0,0.0,0.0,1668050508.365901
336884773.0,0.0,0.0,0.0,0.0,0.0,0.0,0.0,0.0,0.0,1668050509.203794
337884812.0,0.0,0.0,0.0,0.0,0.0,0.0,0.0,0.0,0.0,1668050510.203833
338884763.0,0.0,0.0,0.0,0.0,0.0,0.0,0.0,0.0,0.0,1668050511.203784
339884743.0,0.0,0.0,0.0,0.0,0.0,0.0,0.0,0.0,0.0,1668050512.203764
340884819.0,0.0,0.0,0.0,0.0,0.0,0.0,0.0,0.0,0.0,1668050513.20384
341884703.0,0.0,0.0,0.0,0.0,0.0,0.0,0.0,0.0,0.0,1668050514.203724
342884823.0,0.0,0.0,0.0,0.0,0.0,0.0,0.0,0.0,0.0,1668050515.203844
343884819.0,0.0,0.0,0.0,0.0,0.0,0.0,0.0,0.0,0.0,1668050516.20384
344884719.0,0.0,0.0,0.0,0.0,0.0,0.0,0.0,0.0,0.0,1668050517.20374
345884876.0,0.0,0.0,0.0,0.0,0.0,0.0,0.0,0.0,0.0,1668050518.203897
346884775.0,0.0,0.0,0.0,0.0,0.0,0.0,0.0,0.0,0.0,1668050519.203796
347886550.0,0.0,0.0,0.0,0.0,0.0,0.0,0.0,0.0,0.0,1668050520.205571
348886253.0,0.0,0.0,0.0,0.0,0.0,0.0,0.0,0.0,0.0,1668050521.205274
349886597.0,0.0,0.0,0.0,0.0,0.0,0.0,0.0,0.0,0.0,1668050522.205618
350886622.0,0.0,0.0,0.0,0.0,0.0,0.0,0.0,0.0,0.0,1668050523.205643
351886627.0,0.0,0.0,0.0,0.0,0.0,0.0,0.0,0.0,0.0,1668050524.205648
352886593.0,0.0,0.0,0.0,0.0,0.0,0.0,0.0,0.0,0.0,1668050525.205614
353886712.0,0.0,0.0,0.0,0.0,0.0,0.0,0.0,0.0,0.0,1668050526.205733
354886660.0,0.0,0.0,0.0,0.0,0.0,0.0,0.0,0.0,0.0,1668050527.205681
355886561.0,0.0,0.0,0.0,0.0,0.0,0.0,0.0,0.0,0.0,1668050528.205582
356886617.0,0.0,0.0,0.0,0.0,0.0,0.0,0.0,0.0,0.0,1668050529.205638
357886662.0,0.0,0.0,0.0,0.0,0.0,0.0,0.0,0.0,0.0,1668050530.205683
358886631.0,0.0,0.0,0.0,0.0,0.0,0.0,0.0,0.0,0.0,1668050531.205652
359886619.0,0.0,0.0,0.0,0.0,0.0,0.0,0.0,0.0,0.0,1668050532.20564
360886655.0,0.0,0.0,0.0,0.0,0.0,0.0,0.0,0.0,0.0,1668050533.205676
361886646.0,0.0,0.0,0.0,0.0,0.0,0.0,0.0,0.0,0.0,1668050534.205667
362886733.0,0.0,0.0,0.0,0.0,0.0,0.0,0.0,0.0,0.0,1668050535.205754
363886627.0,0.0,0.0,0.0,0.0,0.0,0.0,0.0,0.0,0.0,1668050536.205648
364886640.0,0.0,0.0,0.0,0.0,0.0,0.0,0.0,0.0,0.0,1668050537.205661
365886640.0,0.0,0.0,0.0,0.0,0.0,0.0,0.0,0.0,0.0,1668050538.205661
366886471.0,0.0,0.0,0.0,0.0,0.0,0.0,0.0,0.0,0.0,1668050539.205492
367886486.0,0.0,0.0,0.0,0.0,0.0,0.0,0.0,0.0,0.0,1668050540.205507
368886566.0,0.0,0.0,0.0,0.0,0.0,0.0,0.0,0.0,0.0,1668050541.205587
369886565.0,0.0,0.0,0.0,0.0,0.0,0.0,0.0,0.0,0.0,1668050542.205586
370886604.0,0.0,0.0,0.0,0.0,0.0,0.0,0.0,0.0,0.0,1668050543.205625
371886751.0,0.0,0.0,0.0,0.0,0.0,0.0,0.0,0.0,0.0,1668050544.205772
372887048.0,0.0,0.0,0.0,0.0,0.0,0.0,0.0,0.0,0.0,1668050545.206069
373886944.0,0.0,0.0,0.0,0.0,0.0,0.0,0.0,0.0,0.0,1668050546.205965
374886919.0,0.0,0.0,0.0,0.0,0.0,0.0,0.0,0.0,0.0,1668050547.20594
375886968.0,0.0,0.0,0.0,0.0,0.0,0.0,0.0,0.0,0.0,1668050548.205989
376887050.0,0.0,0.0,0.0,0.0,0.0,0.0,0.0,0.0,0.0,1668050549.206071
377886908.0,0.0,0.0,0.0,0.0,0.0,0.0,0.0,0.0,0.0,1668050550.205929
378887151.0,0.0,0.0,0.0,0.0,0.0,0.0,0.0,0.0,0.0,1668050551.206172
379886963.0,0.0,0.0,0.0,0.0,0.0,0.0,0.0,0.0,0.0,1668050552.2059839
380887176.0,0.0,0.0,0.0,0.0,0.0,0.0,0.0,0.0,0.0,1668050553.206197
381886982.0,0.0,0.0,0.0,0.0,0.0,0.0,0.0,0.0,0.0,1668050554.206003
382887026.0,0.0,0.0,0.0,0.0,0.0,0.0,0.0,0.0,0.0,1668050555.206047
383887143.0,0.0,0.0,0.0,0.0,0.0,0.0,0.0,0.0,0.0,1668050556.206164
384887042.0,0.0,0.0,0.0,0.0,0.0,0.0,0.0,0.0,0.0,1668050557.206063
385887013.0,0.0,0.0,0.0,0.0,0.0,0.0,0.0,0.0,0.0,1668050558.206034
386887167.0,0.0,0.0,0.0,0.0,0.0,0.0,0.0,0.0,0.0,1668050559.206188
387887265.0,0.0,0.0,0.0,0.0,0.0,0.0,0.0,0.0,0.0,1668050560.206286
388887072.0,0.0,0.0,0.0,0.0,0.0,0.0,0.0,0.0,0.0,1668050561.206093
389887260.0,0.0,0.0,0.0,0.0,0.0,0.0,0.0,0.0,0.0,1668050562.206281
390887193.0,0.0,0.0,0.0,0.0,0.0,0.0,0.0,0.0,0.0,1668050563.206214
391887293.0,0.0,0.0,0.0,0.0,0.0,0.0,0.0,0.0,0.0,1668050564.206314
392887297.0,0.0,0.0,0.0,0.0,0.0,0.0,0.0,0.0,0.0,1668050565.206318
393887126.0,0.0,0.0,0.0,0.0,0.0,0.0,0.0,0.0,0.0,1668050566.206147
394887158.0,0.0,0.0,0.0,0.0,0.0,0.0,0.0,0.0,0.0,1668050567.206179
395887198.0,0.0,0.0,2500.0,0.0,0.0,0.0,0.0,0.0,0.0,1668050568.206219
396887468.0,0.0,0.0,2500.0,0.0,40.0,40.0,12.688336372375488,0.0,0.0,1668050569.206489
397887247.0,0.0,0.0,2500.0,0.0,40.0,40.0,27.459352493286133,1.0,1.0,1668050570.206268
398889809.0,0.0,0.0,2500.0,0.0,0.0,0.0,31.964353561401367,1.0,1.0,1668050571.2088299
399889624.0,0.0,0.0,2500.0,0.0,0.0,0.0,31.964353561401367,1.0,1.0,1668050572.208645
400889890.0,0.0,0.0,2500.0,0.0,0.0,0.0,33.13991928100586,1.0,1.0,1668050573.208911
401889312.0,0.0,0.0,2500.0,0.0,0.0,0.0,33.38084411621094,1.0,1.0,1668050574.208333
402889609.0,0.0,0.0,2500.0,0.0,0.0,0.0,33.38084411621094,1.0,1.0,1668050575.20863
403889493.0,0.0,0.0,2500.0,0.0,0.0,0.0,34.7640266418457,1.0,1.0,1668050576.208514
404889410.0,0.0,0.0,2500.0,0.0,0.0,0.0,36.02838897705078,1.0,1.0,1668050577.208431
405889325.0,0.0,0.0,2500.0,0.0,0.0,0.0,36.02838897705078,1.0,1.0,1668050578.208346
406889337.0,0.0,0.0,2500.0,0.0,0.0,0.0,40.507568359375,1.0,1.0,1668050579.208358
407889435.0,0.0,0.0,2657.0,0.0,0.0,0.0,43.06147384643555,1.0,1.0,1668050580.208456
408889623.0,0.0,0.0,2822.0,0.0,0.0,0.0,43.06147384643555,1.0,1.0,1668050581.208644
409889564.0,0.0,0.0,2847.0,0.0,0.0,0.0,49.11079025268555,1.0,1.0,1668050582.208585
410889218.0,0.0,0.0,2851.0,0.0,0.0,0.0,55.186546325683594,1.0,1.0,1668050583.208239
411889353.0,0.0,0.0,2835.0,0.0,0.0,0.0,58.23844909667969,1.0,1.0,1668050584.208374
412889552.0,0.0,0.0,2801.0,0.0,0.0,0.0,58.23844909667969,1.0,1.0,1668050585.208573
413889397.0,0.0,0.0,2742.0,0.0,0.0,0.0,64.20523071289062,1.0,1.0,1668050586.208418
414889360.0,0.0,0.0,2500.0,0.0,0.0,0.0,67.11387634277344,1.0,1.0,1668050587.208381
415889527.0,0.0,0.0,2500.0,0.0,0.0,0.0,67.11387634277344,1.0,1.0,1668050588.208548
416889397.0,0.0,0.0,2500.0,0.0,0.0,0.0,69.90604400634766,1.0,1.0,1668050589.208418
417889349.0,0.0,0.0,2500.0,0.0,0.0,0.0,70.73072814941406,1.0,1.0,1668050590.20837
418889608.0,0.0,0.0,2500.0,0.0,0.0,0.0,70.73072814941406,1.0,1.0,1668050591.208629
419889993.0,0.0,0.0,2500.0,0.0,0.0,0.0,73.52527618408203,1.0,1.0,1668050592.209014
420889432.0,0.0,0.0,2500.0,0.0,0.0,0.0,75.33853149414062,1.0,1.0,1668050593.208453
421889385.0,0.0,0.0,2500.0,0.0,0.0,0.0,75.33853149414062,1.0,1.0,1668050594.208406
422889352.0,0.0,0.0,2500.0,0.0,0.0,0.0,78.87956237792969,1.0,1.0,1668050595.208373
423889255.0,0.0,0.0,2500.0,0.0,0.0,0.0,79.51969146728516,1.0,1.0,1668050596.208276
424889386.0,0.0,0.0,2500.0,0.0,0.0,0.0,79.66111755371094,1.0,1.0,1668050597.208407
425889395.0,0.0,0.0,2500.0,0.0,0.0,0.0,79.66111755371094,1.0,1.0,1668050598.208416
426889383.0,0.0,0.0,2500.0,0.0,0.0,0.0,81.82063293457031,1.0,1.0,1668050599.208404
427889587.0,0.0,0.0,2500.0,0.0,0.0,0.0,82.8486557006836,1.0,1.0,1668050600.208608
428889363.0,0.0,0.0,2500.0,0.0,0.0,0.0,82.8486557006836,1.0,1.0,1668050601.208384
429889429.0,0.0,0.0,2500.0,0.0,0.0,0.0,83.13214874267578,1.0,1.0,1668050602.20845
430889464.0,0.0,0.0,2500.0,0.0,0.0,0.0,83.19225311279297,1.0,1.0,1668050603.208485
431889300.0,0.0,0.0,2500.0,0.0,0.0,0.0,83.19225311279297,1.0,1.0,1668050604.208321
432889280.0,0.0,0.0,2500.0,0.0,0.0,0.0,83.83067321777344,1.0,1.0,1668050605.208301
433889533.0,0.0,0.0,2500.0,0.0,0.0,0.0,84.15132141113281,1.0,1.0,1668050606.208554
434889408.0,0.0,0.0,2500.0,0.0,0.0,0.0,84.15132141113281,1.0,1.0,1668050607.208429
435889390.0,0.0,0.0,2500.0,0.0,0.0,0.0,84.15132141113281,1.0,1.0,1668050608.208411
436889468.0,0.0,0.0,2500.0,0.0,0.0,0.0,84.51178741455078,1.0,1.0,1668050609.208489
437889344.0,0.0,0.0,2500.0,0.0,0.0,0.0,84.69566345214844,1.0,1.0,1668050610.208365
438889441.0,0.0,0.0,2500.0,0.0,0.0,0.0,84.69566345214844,1.0,1.0,1668050611.208462
439889358.0,0.0,0.0,2500.0,0.0,0.0,0.0,85.6552734375,1.0,1.0,1668050612.208379
440889468.0,0.0,0.0,2500.0,0.0,0.0,0.0,86.17977905273438,1.0,1.0,1668050613.208489
441889365.0,0.0,0.0,2500.0,0.0,0.0,0.0,86.17977905273438,1.0,1.0,1668050614.208386
442889379.0,0.0,0.0,2500.0,0.0,0.0,0.0,86.94015502929688,1.0,1.0,1668050615.2084
443889376.0,0.0,0.0,2500.0,0.0,0.0,0.0,87.43407440185547,1.0,1.0,1668050616.208397
444889295.0,0.0,0.0,2500.0,0.0,0.0,0.0,87.43407440185547,1.0,1.0,1668050617.208316
445889466.0,0.0,0.0,2500.0,0.0,0.0,0.0,89.06580352783203,1.0,1.0,1668050618.208487
446889339.0,0.0,0.0,2500.0,0.0,0.0,0.0,89.80267333984375,1.0,1.0,1668050619.20836
447889303.0,0.0,0.0,2500.0,0.0,0.0,0.0,90.08810424804688,1.0,1.0,1668050620.208324
448889370.0,0.0,0.0,2500.0,0.0,0.0,0.0,90.08810424804688,1.0,1.0,1668050621.208391
449889274.0,0.0,0.0,2500.0,0.0,0.0,0.0,91.17195892333984,1.0,1.0,1668050622.2082949
450889282.0,0.0,0.0,2500.0,0.0,0.0,0.0,92.03933715820312,1.0,1.0,1668050623.208303
451889370.0,0.0,0.0,2500.0,0.0,0.0,0.0,92.03933715820312,1.0,1.0,1668050624.208391
452889346.0,0.0,0.0,2500.0,0.0,0.0,0.0,94.29805755615234,1.0,1.0,1668050625.2083669
453889313.0,0.0,0.0,2500.0,0.0,0.0,0.0,95.32266235351562,1.0,1.0,1668050626.208334
454889634.0,0.0,0.0,2500.0,0.0,0.0,0.0,95.32266235351562,1.0,1.0,1668050627.2086549
455889298.0,0.0,0.0,2500.0,0.0,0.0,0.0,96.3375473022461,1.0,1.0,1668050628.208319
456889313.0,0.0,0.0,2500.0,0.0,0.0,0.0,96.8806381225586,1.0,1.0,1668050629.208334
457889338.0,0.0,0.0,2500.0,0.0,0.0,0.0,96.8806381225586,1.0,1.0,1668050630.208359
458889326.0,0.0,0.0,2500.0,0.0,0.0,0.0,98.2292709350586,1.0,1.0,1668050631.208347
459889320.0,0.0,0.0,2500.0,0.0,0.0,0.0,99.45027923583984,1.0,1.0,1668050632.208341
460889575.0,0.0,0.0,2500.0,0.0,0.0,0.0,99.64881134033203,1.0,1.0,1668050633.208596
461889270.0,0.0,0.0,2500.0,0.0,0.0,0.0,99.64881134033203,1.0,1.0,1668050634.208291
462889361.0,0.0,0.0,2500.0,0.0,0.0,0.0,99.96910095214844,1.0,1.0,1668050635.208382
463889533.0,0.0,0.0,2500.0,0.0,0.0,0.0,100.14814758300781,1.0,1.0,1668050636.208554
464889353.0,0.0,0.0,2500.0,0.0,0.0,0.0,100.14814758300781,1.0,1.0,1668050637.208374
465889503.0,0.0,0.0,2500.0,0.0,0.0,0.0,100.80870819091797,1.0,1.0,1668050638.208524
466889318.0,0.0,0.0,2500.0,0.0,0.0,0.0,101.2195053100586,1.0,1.0,1668050639.208339
467889348.0,0.0,0.0,2500.0,0.0,0.0,0.0,101.2195053100586,1.0,1.0,1668050640.208369
468889446.0,0.0,0.0,2500.0,0.0,0.0,0.0,101.67900085449219,1.0,1.0,1668050641.208467
469889344.0,0.0,0.0,2500.0,0.0,0.0,0.0,102.02655792236328,1.0,1.0,1668050642.208365
470889246.0,0.0,0.0,2500.0,0.0,0.0,0.0,102.02655792236328,1.0,1.0,1668050643.208267
471889309.0,0.0,0.0,2500.0,0.0,0.0,0.0,102.02655792236328,1.0,1.0,1668050644.20833
472889490.0,0.0,0.0,2500.0,0.0,0.0,0.0,103.41027069091797,1.0,1.0,1668050645.2085109
473889331.0,0.0,0.0,2500.0,0.0,0.0,0.0,104.15995788574219,1.0,1.0,1668050646.208352
474889286.0,0.0,0.0,2500.0,0.0,0.0,0.0,104.15995788574219,1.0,1.0,1668050647.208307
475889428.0,0.0,0.0,2500.0,0.0,0.0,0.0,104.7072525024414,1.0,1.0,1668050648.208449
476889235.0,0.0,0.0,2500.0,0.0,0.0,0.0,104.82857513427734,1.0,1.0,1668050649.208256
477889330.0,0.0,0.0,2500.0,0.0,0.0,0.0,104.82857513427734,1.0,1.0,1668050650.208351
478889285.0,0.0,0.0,2500.0,0.0,0.0,0.0,106.19735717773438,1.0,1.0,1668050651.208306
479889409.0,0.0,0.0,2500.0,0.0,0.0,0.0,107.0525894165039,1.0,1.0,1668050652.20843
480889360.0,0.0,0.0,2500.0,0.0,0.0,0.0,107.0525894165039,1.0,1.0,1668050653.208381
481889551.0,0.0,0.0,2500.0,0.0,0.0,0.0,107.84457397460938,1.0,1.0,1668050654.208572
482889306.0,0.0,0.0,2500.0,0.0,0.0,0.0,108.09861755371094,1.0,1.0,1668050655.208327
483889361.0,0.0,0.0,2500.0,0.0,0.0,0.0,108.5265884399414,1.0,1.0,1668050656.208382
484889272.0,0.0,0.0,2500.0,0.0,0.0,0.0,108.5265884399414,1.0,1.0,1668050657.208293
485889307.0,0.0,0.0,2500.0,0.0,0.0,0.0,109.57615661621094,1.0,1.0,1668050658.208328
486889280.0,0.0,0.0,2500.0,0.0,0.0,0.0,109.97431945800781,1.0,1.0,1668050659.208301
487889398.0,0.0,0.0,2500.0,0.0,0.0,0.0,109.97431945800781,1.0,1.0,1668050660.208419
488889290.0,0.0,0.0,2500.0,0.0,0.0,0.0,110.27537536621094,1.0,1.0,1668050661.208311
489889350.0,0.0,0.0,2500.0,0.0,0.0,0.0,110.59446716308594,1.0,1.0,1668050662.208371
490890140.0,0.0,0.0,2500.0,0.0,0.0,0.0,110.59446716308594,1.0,1.0,1668050663.209161
491889365.0,0.0,0.0,2500.0,0.0,0.0,0.0,111.6314468383789,1.0,1.0,1668050664.208386
492889332.0,0.0,0.0,2500.0,0.0,0.0,0.0,112.07847595214844,1.0,1.0,1668050665.208353
493889282.0,0.0,0.0,2500.0,0.0,0.0,0.0,112.07847595214844,1.0,1.0,1668050666.208303
494889382.0,0.0,0.0,2500.0,0.0,0.0,0.0,112.6512222290039,1.0,1.0,1668050667.2084029
495889868.0,0.0,0.0,2500.0,0.0,0.0,0.0,112.95709991455078,1.0,1.0,1668050668.208889
496889430.0,0.0,0.0,2500.0,0.0,0.0,0.0,113.13972473144531,1.0,1.0,1668050669.208451
497889308.0,0.0,0.0,2500.0,0.0,0.0,0.0,113.13972473144531,1.0,1.0,1668050670.208329
498889345.0,0.0,0.0,2500.0,0.0,0.0,0.0,113.56138610839844,1.0,1.0,1668050671.208366
499889969.0,0.0,0.0,2500.0,0.0,0.0,0.0,113.8001937866211,1.0,1.0,1668050672.20899
500726561.0,0.0,0.0,2500.0,0.0,0.0,0.0,113.8001937866211,1.0,1.0,1668050673.045582
501726664.0,0.0,0.0,2500.0,0.0,0.0,0.0,114.37420654296875,1.0,1.0,1668050674.045685
502726585.0,0.0,0.0,2500.0,0.0,0.0,0.0,114.60787963867188,1.0,1.0,1668050675.045606
503726626.0,0.0,0.0,2500.0,0.0,0.0,0.0,114.75440216064453,1.0,1.0,1668050676.045647
504726961.0,0.0,0.0,2500.0,0.0,0.0,0.0,114.75440216064453,1.0,1.0,1668050677.045982
505726728.0,0.0,0.0,2500.0,0.0,0.0,0.0,114.8946762084961,1.0,1.0,1668050678.045749
506726602.0,0.0,0.0,2500.0,0.0,0.0,0.0,114.99360656738281,1.0,1.0,1668050679.045623
507726575.0,0.0,0.0,2500.0,0.0,0.0,0.0,114.99360656738281,1.0,1.0,1668050680.045596
508726676.0,0.0,0.0,2500.0,0.0,0.0,0.0,115.33565521240234,1.0,1.0,1668050681.045697
509726625.0,0.0,0.0,2500.0,0.0,0.0,0.0,115.47652435302734,1.0,1.0,1668050682.045646
510726627.0,0.0,0.0,2500.0,0.0,0.0,0.0,115.47652435302734,1.0,1.0,1668050683.045648
511726641.0,0.0,0.0,2500.0,0.0,0.0,0.0,115.6509780883789,1.0,1.0,1668050684.045662
512726639.0,0.0,0.0,2500.0,0.0,0.0,0.0,115.70344543457031,1.0,1.0,1668050685.04566
513726671.0,0.0,0.0,2500.0,0.0,0.0,0.0,115.7952651977539,1.0,1.0,1668050686.045692
514726692.0,0.0,0.0,2500.0,0.0,0.0,0.0,115.7952651977539,1.0,1.0,1668050687.045713
515726739.0,0.0,0.0,2500.0,0.0,0.0,0.0,116.0626449584961,1.0,1.0,1668050688.04576
516726555.0,0.0,0.0,2500.0,0.0,0.0,0.0,116.1414794921875,1.0,1.0,1668050689.045576
517726588.0,0.0,0.0,2500.0,0.0,0.0,0.0,116.1414794921875,1.0,1.0,1668050690.045609
518726747.0,0.0,0.0,2500.0,0.0,0.0,0.0,116.42078399658203,1.0,1.0,1668050691.045768
519726683.0,0.0,0.0,2500.0,0.0,0.0,0.0,116.5583267211914,1.0,1.0,1668050692.045704
520726555.0,0.0,0.0,0.0,0.0,0.0,0.0,116.5583267211914,1.0,1.0,1668050693.045576
521742862.0,0.0,0.0,0.0,0.0,0.0,0.0,116.5583267211914,1.0,1.0,1668050694.061883
522742724.0,0.0,0.0,0.0,0.0,0.0,0.0,116.5583267211914,1.0,1.0,1668050695.061745
523742826.0,0.0,0.0,0.0,0.0,0.0,0.0,116.5583267211914,1.0,1.0,1668050696.061847
524742713.0,0.0,0.0,0.0,0.0,0.0,0.0,116.5583267211914,1.0,1.0,1668050697.061734
525742795.0,0.0,0.0,0.0,0.0,0.0,0.0,116.5583267211914,1.0,1.0,1668050698.061816
526742713.0,0.0,0.0,0.0,0.0,0.0,0.0,116.5583267211914,1.0,1.0,1668050699.061734
527742845.0,0.0,0.0,0.0,0.0,0.0,0.0,116.5583267211914,1.0,1.0,1668050700.061866
528742821.0,0.0,0.0,0.0,0.0,0.0,0.0,116.5583267211914,1.0,1.0,1668050701.061842
529742705.0,0.0,0.0,0.0,0.0,0.0,0.0,116.5583267211914,1.0,1.0,1668050702.061726
530742801.0,0.0,0.0,0.0,0.0,0.0,0.0,116.5583267211914,1.0,1.0,1668050703.061822
531742706.0,0.0,0.0,0.0,0.0,0.0,0.0,116.5583267211914,1.0,1.0,1668050704.061727
532742905.0,0.0,0.0,0.0,0.0,0.0,0.0,116.5583267211914,1.0,1.0,1668050705.061926
533742859.0,0.0,0.0,0.0,0.0,0.0,0.0,116.5583267211914,1.0,1.0,1668050706.0618799
534742827.0,0.0,0.0,0.0,0.0,0.0,0.0,116.5583267211914,1.0,1.0,1668050707.061848
535742685.0,0.0,0.0,0.0,0.0,0.0,0.0,116.5583267211914,1.0,1.0,1668050708.061706
739582871.0,0.0,0.0,0.0,0.0,0.0,0.0,0.0,1.0,1.0,1668050911.901892
740582930.0,0.0,0.0,0.0,0.0,0.0,0.0,0.0,1.0,1.0,1668050912.901951
741582898.0,0.0,0.0,0.0,0.0,0.0,0.0,0.0,1.0,1.0,1668050913.901919
742582988.0,0.0,0.0,0.0,0.0,0.0,0.0,0.0,1.0,1.0,1668050914.902009
743583041.0,0.0,0.0,0.0,0.0,0.0,0.0,0.0,1.0,1.0,1668050915.902062
744582954.0,0.0,0.0,0.0,0.0,0.0,0.0,0.0,1.0,1.0,1668050916.901975
745582806.0,0.0,0.0,0.0,0.0,0.0,0.0,0.0,1.0,1.0,1668050917.901827
746582828.0,0.0,0.0,0.0,0.0,0.0,0.0,0.0,1.0,1.0,1668050918.901849
747582938.0,0.0,0.0,0.0,0.0,0.0,0.0,0.0,1.0,1.0,1668050919.901959
748582862.0,0.0,0.0,0.0,0.0,0.0,0.0,0.0,1.0,1.0,1668050920.901883
749583140.0,0.0,0.0,0.0,0.0,0.0,0.0,0.0,1.0,1.0,1668050921.902161
750582931.0,0.0,0.0,0.0,0.0,0.0,0.0,0.0,1.0,1.0,1668050922.901952
751582924.0,0.0,0.0,0.0,0.0,0.0,0.0,0.0,1.0,1.0,1668050923.9019449
752583003.0,0.0,0.0,0.0,0.0,0.0,0.0,0.0,1.0,1.0,1668050924.902024
753583002.0,0.0,0.0,0.0,0.0,0.0,0.0,0.0,1.0,1.0,1668050925.902023
754582898.0,0.0,0.0,0.0,0.0,0.0,0.0,0.0,1.0,1.0,1668050926.901919
755582867.0,0.0,0.0,0.0,0.0,0.0,0.0,0.0,1.0,1.0,1668050927.901888
756582870.0,0.0,0.0,0.0,0.0,0.0,0.0,0.0,1.0,1.0,1668050928.901891
757583110.0,0.0,0.0,0.0,0.0,0.0,0.0,0.0,1.0,1.0,1668050929.902131
758583039.0,0.0,0.0,0.0,0.0,0.0,0.0,0.0,1.0,1.0,1668050930.90206
759582888.0,0.0,0.0,0.0,0.0,0.0,0.0,0.0,1.0,1.0,1668050931.9019089
760582959.0,0.0,0.0,0.0,0.0,0.0,0.0,0.0,1.0,1.0,1668050932.90198
761583155.0,0.0,0.0,0.0,0.0,0.0,0.0,0.0,1.0,1.0,1668050933.902176
762582923.0,0.0,0.0,0.0,0.0,0.0,0.0,0.0,1.0,1.0,1668050934.901944
763583078.0,0.0,0.0,0.0,0.0,0.0,0.0,0.0,1.0,1.0,1668050935.902099
764583050.0,0.0,0.0,0.0,0.0,0.0,0.0,0.0,1.0,1.0,1668050936.902071
765582879.0,0.0,0.0,0.0,0.0,0.0,0.0,0.0,1.0,1.0,1668050937.9019
766582864.0,0.0,0.0,0.0,0.0,0.0,0.0,0.0,1.0,1.0,1668050938.901885
767582956.0,0.0,0.0,0.0,0.0,0.0,0.0,0.0,1.0,1.0,1668050939.901977
768583081.0,0.0,0.0,0.0,0.0,0.0,0.0,0.0,1.0,1.0,1668050940.902102
769582935.0,0.0,0.0,0.0,0.0,0.0,0.0,0.0,1.0,1.0,1668050941.901956
770583205.0,0.0,0.0,0.0,0.0,0.0,0.0,0.0,1.0,1.0,1668050942.902226
771582878.0,0.0,0.0,0.0,0.0,0.0,0.0,0.0,1.0,1.0,1668050943.901899
772582926.0,0.0,0.0,0.0,0.0,0.0,0.0,0.0,1.0,1.0,1668050944.901947
773582805.0,0.0,0.0,0.0,0.0,0.0,0.0,0.0,1.0,1.0,1668050945.901826
774582991.0,0.0,0.0,0.0,0.0,0.0,0.0,0.0,1.0,1.0,1668050946.9020119
775582903.0,0.0,0.0,0.0,0.0,0.0,0.0,0.0,1.0,1.0,1668050947.901924
776582947.0,0.0,0.0,0.0,0.0,0.0,0.0,0.0,1.0,1.0,1668050948.901968
777582909.0,0.0,0.0,0.0,0.0,0.0,0.0,0.0,1.0,1.0,1668050949.90193
778583081.0,0.0,0.0,0.0,0.0,0.0,0.0,0.0,1.0,1.0,1668050950.902102
779583024.0,0.0,0.0,0.0,0.0,0.0,0.0,0.0,1.0,1.0,1668050951.902045
780582889.0,0.0,0.0,0.0,0.0,0.0,0.0,0.0,1.0,1.0,1668050952.90191
781583015.0,0.0,0.0,0.0,0.0,0.0,0.0,0.0,1.0,1.0,1668050953.902036
782582866.0,0.0,0.0,0.0,0.0,0.0,0.0,0.0,1.0,1.0,1668050954.901887
783583034.0,0.0,0.0,0.0,0.0,0.0,0.0,0.0,1.0,1.0,1668050955.902055
784583156.0,0.0,0.0,0.0,0.0,0.0,0.0,0.0,1.0,1.0,1668050956.902177
785583045.0,0.0,0.0,0.0,0.0,0.0,0.0,0.0,1.0,1.0,1668050957.902066
786582920.0,0.0,0.0,0.0,0.0,0.0,0.0,0.0,1.0,1.0,1668050958.901941
787582969.0,0.0,0.0,0.0,0.0,0.0,0.0,0.0,1.0,1.0,1668050959.90199
788583161.0,0.0,0.0,0.0,0.0,0.0,0.0,0.0,1.0,1.0,1668050960.902182
789583002.0,0.0,0.0,0.0,0.0,0.0,0.0,0.0,1.0,1.0,1668050961.902023
790583160.0,0.0,0.0,0.0,0.0,0.0,0.0,0.0,1.0,1.0,1668050962.902181
791583066.0,0.0,0.0,0.0,0.0,0.0,0.0,0.0,1.0,1.0,1668050963.902087
792582937.0,0.0,0.0,0.0,0.0,0.0,0.0,0.0,1.0,1.0,1668050964.901958
793582897.0,0.0,0.0,0.0,0.0,0.0,0.0,0.0,1.0,1.0,1668050965.901918
794583054.0,0.0,0.0,0.0,0.0,0.0,0.0,0.0,1.0,1.0,1668050966.902075
795582956.0,0.0,0.0,0.0,0.0,0.0,0.0,0.0,1.0,1.0,1668050967.901977
796583035.0,0.0,0.0,0.0,0.0,0.0,0.0,0.0,1.0,1.0,1668050968.902056
797583157.0,0.0,0.0,0.0,0.0,0.0,0.0,0.0,1.0,1.0,1668050969.902178
798582877.0,0.0,0.0,0.0,0.0,0.0,0.0,0.0,1.0,1.0,1668050970.901898
799582960.0,0.0,0.0,0.0,0.0,0.0,0.0,0.0,1.0,1.0,1668050971.9019809
800583144.0,0.0,0.0,0.0,0.0,0.0,0.0,0.0,1.0,1.0,1668050972.902165
801582914.0,0.0,0.0,0.0,0.0,0.0,0.0,0.0,1.0,1.0,1668050973.901935
802582943.0,0.0,0.0,0.0,0.0,0.0,0.0,0.0,1.0,1.0,1668050974.901964
803582983.0,0.0,0.0,0.0,0.0,0.0,0.0,0.0,1.0,1.0,1668050975.902004
804582912.0,0.0,0.0,0.0,0.0,0.0,0.0,0.0,1.0,1.0,1668050976.901933
805583102.0,0.0,0.0,0.0,0.0,0.0,0.0,0.0,1.0,1.0,1668050977.902123
806583192.0,0.0,0.0,0.0,0.0,0.0,0.0,0.0,1.0,1.0,1668050978.902213
807582915.0,0.0,0.0,0.0,0.0,0.0,0.0,0.0,1.0,1.0,1668050979.901936
808582935.0,0.0,0.0,0.0,0.0,0.0,0.0,0.0,1.0,1.0,1668050980.901956
809582942.0,0.0,0.0,0.0,0.0,0.0,0.0,0.0,1.0,1.0,1668050981.901963
810582926.0,0.0,0.0,0.0,0.0,0.0,0.0,0.0,1.0,1.0,1668050982.901947
811583135.0,0.0,0.0,0.0,0.0,0.0,0.0,0.0,1.0,1.0,1668050983.9021559
812582949.0,0.0,0.0,0.0,0.0,0.0,0.0,0.0,1.0,1.0,1668050984.90197
813582916.0,0.0,0.0,0.0,0.0,0.0,0.0,0.0,1.0,1.0,1668050985.901937
814583002.0,0.0,0.0,0.0,0.0,0.0,0.0,0.0,1.0,1.0,1668050986.902023
815582978.0,0.0,0.0,0.0,0.0,0.0,0.0,0.0,1.0,1.0,1668050987.901999
816583074.0,0.0,0.0,0.0,0.0,0.0,0.0,0.0,1.0,1.0,1668050988.902095
817582838.0,0.0,0.0,0.0,0.0,0.0,0.0,0.0,1.0,1.0,1668050989.901859
818583094.0,0.0,0.0,0.0,0.0,0.0,0.0,0.0,1.0,1.0,1668050990.9021149
819582989.0,0.0,0.0,0.0,0.0,0.0,0.0,0.0,1.0,1.0,1668050991.90201
820583077.0,0.0,0.0,0.0,0.0,0.0,0.0,0.0,1.0,1.0,1668050992.902098
821583037.0,0.0,0.0,0.0,0.0,0.0,0.0,0.0,1.0,1.0,1668050993.902058
822582967.0,0.0,0.0,0.0,0.0,0.0,0.0,0.0,1.0,1.0,1668050994.901988
823583072.0,0.0,0.0,0.0,0.0,0.0,0.0,0.0,1.0,1.0,1668050995.902093
824582994.0,0.0,0.0,0.0,0.0,0.0,0.0,0.0,1.0,1.0,1668050996.902015
825582994.0,0.0,0.0,0.0,0.0,0.0,0.0,0.0,1.0,1.0,1668050997.902015
826582976.0,0.0,0.0,0.0,0.0,0.0,0.0,0.0,1.0,1.0,1668050998.901997
827583001.0,0.0,0.0,0.0,0.0,0.0,0.0,0.0,1.0,1.0,1668050999.902022
828422612.0,0.0,0.0,0.0,0.0,0.0,0.0,0.0,1.0,1.0,1668051000.741633
829422548.0,0.0,0.0,0.0,0.0,0.0,0.0,0.0,1.0,1.0,1668051001.741569
830422572.0,0.0,0.0,0.0,0.0,0.0,0.0,0.0,1.0,1.0,1668051002.741593
831422753.0,0.0,0.0,0.0,0.0,0.0,0.0,0.0,1.0,1.0,1668051003.741774
832422765.0,0.0,0.0,0.0,0.0,0.0,0.0,0.0,1.0,1.0,1668051004.741786
833422728.0,0.0,0.0,0.0,0.0,0.0,0.0,0.0,1.0,1.0,1668051005.741749
834422712.0,0.0,0.0,0.0,0.0,0.0,0.0,0.0,1.0,1.0,1668051006.741733
835422649.0,0.0,0.0,0.0,0.0,0.0,0.0,0.0,1.0,1.0,1668051007.74167
836422642.0,0.0,0.0,0.0,0.0,0.0,0.0,0.0,1.0,1.0,1668051008.741663
837422758.0,0.0,0.0,0.0,0.0,0.0,0.0,0.0,1.0,1.0,1668051009.741779
838422683.0,0.0,0.0,0.0,0.0,0.0,0.0,0.0,1.0,1.0,1668051010.741704
839422672.0,0.0,0.0,0.0,0.0,0.0,0.0,0.0,1.0,1.0,1668051011.741693
840422873.0,0.0,0.0,0.0,0.0,0.0,0.0,0.0,1.0,1.0,1668051012.741894
841422657.0,0.0,0.0,0.0,0.0,0.0,0.0,0.0,1.0,1.0,1668051013.741678
842422682.0,0.0,0.0,0.0,0.0,0.0,0.0,0.0,1.0,1.0,1668051014.741703
843422695.0,0.0,0.0,0.0,0.0,0.0,0.0,0.0,1.0,1.0,1668051015.741716
844422714.0,0.0,0.0,0.0,0.0,0.0,0.0,0.0,1.0,1.0,1668051016.741735
845422705.0,0.0,0.0,0.0,0.0,0.0,0.0,0.0,1.0,1.0,1668051017.741726
846422671.0,0.0,0.0,0.0,0.0,0.0,0.0,0.0,1.0,1.0,1668051018.741692
847422821.0,0.0,0.0,0.0,0.0,0.0,0.0,0.0,1.0,1.0,1668051019.741842
848422678.0,0.0,0.0,0.0,0.0,0.0,0.0,0.0,1.0,1.0,1668051020.741699
849422780.0,0.0,0.0,0.0,0.0,0.0,0.0,0.0,1.0,1.0,1668051021.741801
850422869.0,0.0,0.0,0.0,0.0,0.0,0.0,0.0,1.0,1.0,1668051022.74189
851422740.0,0.0,0.0,0.0,0.0,0.0,0.0,0.0,1.0,1.0,1668051023.741761
852422720.0,0.0,0.0,0.0,0.0,0.0,0.0,0.0,1.0,1.0,1668051024.741741
853422830.0,0.0,0.0,0.0,0.0,0.0,0.0,0.0,1.0,1.0,1668051025.741851
854422722.0,0.0,0.0,0.0,0.0,0.0,0.0,0.0,1.0,1.0,1668051026.741743
855422717.0,0.0,0.0,0.0,0.0,0.0,0.0,0.0,1.0,1.0,1668051027.741738
856422733.0,0.0,0.0,0.0,0.0,0.0,0.0,0.0,1.0,1.0,1668051028.741754
857422665.0,0.0,0.0,0.0,0.0,0.0,0.0,0.0,1.0,1.0,1668051029.741686
858422633.0,0.0,0.0,0.0,0.0,0.0,0.0,0.0,1.0,1.0,1668051030.741654
859422668.0,0.0,0.0,0.0,0.0,0.0,0.0,0.0,1.0,1.0,1668051031.741689
860423085.0,0.0,0.0,0.0,0.0,0.0,0.0,0.0,1.0,1.0,1668051032.742106
861422859.0,0.0,0.0,0.0,0.0,0.0,0.0,0.0,1.0,1.0,1668051033.74188
862422922.0,0.0,0.0,0.0,0.0,0.0,0.0,0.0,1.0,1.0,1668051034.741943
863422839.0,0.0,0.0,0.0,0.0,0.0,0.0,0.0,1.0,1.0,1668051035.74186
864422786.0,0.0,0.0,0.0,0.0,0.0,0.0,0.0,1.0,1.0,1668051036.741807
865422862.0,0.0,0.0,0.0,0.0,0.0,0.0,0.0,1.0,1.0,1668051037.741883
866422940.0,0.0,0.0,0.0,0.0,0.0,0.0,0.0,1.0,1.0,1668051038.741961
867422768.0,0.0,0.0,0.0,0.0,0.0,0.0,0.0,1.0,1.0,1668051039.741789
868422791.0,0.0,0.0,0.0,0.0,0.0,0.0,0.0,1.0,1.0,1668051040.741812
869422823.0,0.0,0.0,0.0,0.0,0.0,0.0,0.0,1.0,1.0,1668051041.741844
870423001.0,0.0,0.0,0.0,0.0,0.0,0.0,0.0,1.0,1.0,1668051042.742022
871422869.0,0.0,0.0,0.0,0.0,0.0,0.0,0.0,1.0,1.0,1668051043.74189
872423137.0,0.0,0.0,0.0,0.0,0.0,0.0,0.0,1.0,1.0,1668051044.742158
873422835.0,0.0,0.0,0.0,0.0,0.0,0.0,0.0,1.0,1.0,1668051045.741856
874422963.0,0.0,0.0,0.0,0.0,0.0,0.0,0.0,1.0,1.0,1668051046.741984
875422849.0,0.0,0.0,0.0,0.0,0.0,0.0,0.0,1.0,1.0,1668051047.74187
876422840.0,0.0,0.0,0.0,0.0,0.0,0.0,0.0,1.0,1.0,1668051048.741861
877422907.0,0.0,0.0,0.0,0.0,0.0,0.0,0.0,1.0,1.0,1668051049.741928
878423005.0,0.0,0.0,0.0,0.0,0.0,0.0,0.0,1.0,1.0,1668051050.742026
879422842.0,0.0,0.0,0.0,0.0,0.0,0.0,0.0,1.0,1.0,1668051051.741863
880422971.0,0.0,0.0,0.0,0.0,0.0,0.0,0.0,1.0,1.0,1668051052.741992
881422929.0,0.0,0.0,0.0,0.0,0.0,0.0,0.0,1.0,1.0,1668051053.74195
882422771.0,0.0,0.0,0.0,0.0,0.0,0.0,0.0,1.0,1.0,1668051054.741792
883422800.0,0.0,0.0,0.0,0.0,0.0,0.0,0.0,1.0,1.0,1668051055.741821
884422818.0,0.0,0.0,0.0,0.0,0.0,0.0,0.0,1.0,1.0,1668051056.741839
885422826.0,0.0,0.0,0.0,0.0,0.0,0.0,0.0,1.0,1.0,1668051057.741847
886422840.0,0.0,0.0,0.0,0.0,0.0,0.0,0.0,1.0,1.0,1668051058.741861
887422930.0,0.0,0.0,0.0,0.0,0.0,0.0,0.0,1.0,1.0,1668051059.741951
888422798.0,0.0,0.0,0.0,0.0,0.0,0.0,0.0,1.0,1.0,1668051060.741819
889423003.0,0.0,0.0,0.0,0.0,0.0,0.0,0.0,1.0,1.0,1668051061.742024
890422803.0,0.0,0.0,0.0,0.0,0.0,0.0,0.0,1.0,1.0,1668051062.741824
891422873.0,0.0,0.0,0.0,0.0,0.0,0.0,0.0,1.0,1.0,1668051063.741894
892422870.0,0.0,0.0,0.0,0.0,0.0,0.0,0.0,1.0,1.0,1668051064.741891
893422826.0,0.0,0.0,0.0,0.0,0.0,0.0,0.0,1.0,1.0,1668051065.741847
894422839.0,0.0,0.0,0.0,0.0,0.0,0.0,0.0,1.0,1.0,1668051066.74186
895422966.0,0.0,0.0,0.0,0.0,0.0,0.0,0.0,1.0,1.0,1668051067.741987
896422969.0,0.0,0.0,0.0,0.0,0.0,0.0,0.0,1.0,1.0,1668051068.74199
897422795.0,0.0,0.0,0.0,0.0,0.0,0.0,0.0,1.0,1.0,1668051069.741816
898422831.0,0.0,0.0,0.0,0.0,0.0,0.0,0.0,1.0,1.0,1668051070.741852
899422905.0,0.0,0.0,0.0,0.0,0.0,0.0,0.0,1.0,1.0,1668051071.741926
900422880.0,0.0,0.0,0.0,0.0,0.0,0.0,0.0,1.0,1.0,1668051072.741901
901422788.0,0.0,0.0,0.0,0.0,0.0,0.0,0.0,1.0,1.0,1668051073.741809
902422767.0,0.0,0.0,0.0,0.0,0.0,0.0,0.0,1.0,1.0,1668051074.741788
903422955.0,0.0,0.0,0.0,0.0,0.0,0.0,0.0,1.0,1.0,1668051075.741976
904422807.0,0.0,0.0,0.0,0.0,0.0,0.0,0.0,1.0,1.0,1668051076.741828
905423100.0,0.0,0.0,0.0,0.0,0.0,0.0,0.0,1.0,1.0,1668051077.742121
906422810.0,0.0,0.0,0.0,0.0,0.0,0.0,0.0,1.0,1.0,1668051078.741831
907422744.0,0.0,0.0,0.0,0.0,0.0,0.0,0.0,1.0,1.0,1668051079.741765
908422791.0,0.0,0.0,0.0,0.0,0.0,0.0,0.0,1.0,1.0,1668051080.741812
909422848.0,0.0,0.0,0.0,0.0,0.0,0.0,0.0,1.0,1.0,1668051081.741869
910423189.0,0.0,0.0,0.0,0.0,0.0,0.0,0.0,1.0,1.0,1668051082.74221
911423045.0,0.0,0.0,0.0,0.0,0.0,0.0,0.0,1.0,1.0,1668051083.742066
912422791.0,0.0,0.0,0.0,0.0,0.0,0.0,0.0,1.0,1.0,1668051084.741812
913422772.0,0.0,0.0,0.0,0.0,0.0,0.0,0.0,1.0,1.0,1668051085.741793
914423012.0,0.0,0.0,0.0,0.0,0.0,0.0,0.0,1.0,1.0,1668051086.742033
915422794.0,0.0,0.0,0.0,0.0,0.0,0.0,0.0,1.0,1.0,1668051087.741815
916422981.0,0.0,0.0,0.0,0.0,0.0,0.0,0.0,1.0,1.0,1668051088.742002
917422825.0,0.0,0.0,0.0,0.0,0.0,0.0,0.0,1.0,1.0,1668051089.741846
918422834.0,0.0,0.0,0.0,0.0,0.0,0.0,0.0,1.0,1.0,1668051090.741855
919422839.0,0.0,0.0,0.0,0.0,0.0,0.0,0.0,1.0,1.0,1668051091.74186
920422868.0,0.0,0.0,0.0,0.0,0.0,0.0,0.0,1.0,1.0,1668051092.741889
921422804.0,0.0,0.0,0.0,0.0,0.0,0.0,0.0,1.0,1.0,1668051093.741825
922422895.0,0.0,0.0,0.0,0.0,0.0,0.0,0.0,1.0,1.0,1668051094.741916
923422873.0,0.0,0.0,0.0,0.0,0.0,0.0,0.0,1.0,1.0,1668051095.741894
924422799.0,0.0,0.0,0.0,0.0,0.0,0.0,0.0,1.0,1.0,1668051096.74182
925422855.0,0.0,0.0,0.0,0.0,0.0,0.0,0.0,1.0,1.0,1668051097.741876
926422833.0,0.0,0.0,0.0,0.0,0.0,0.0,0.0,1.0,1.0,1668051098.741854
927422860.0,0.0,0.0,0.0,0.0,0.0,0.0,0.0,1.0,1.0,1668051099.741881
928422856.0,0.0,0.0,0.0,0.0,0.0,0.0,0.0,1.0,1.0,1668051100.741877
929422745.0,0.0,0.0,0.0,0.0,0.0,0.0,0.0,1.0,1.0,1668051101.741766
930422784.0,0.0,0.0,0.0,0.0,0.0,0.0,0.0,1.0,1.0,1668051102.741805
931422935.0,0.0,0.0,0.0,0.0,0.0,0.0,0.0,1.0,1.0,1668051103.741956
932422923.0,0.0,0.0,0.0,0.0,0.0,0.0,0.0,1.0,1.0,1668051104.741944
933422775.0,0.0,0.0,0.0,0.0,0.0,0.0,0.0,1.0,1.0,1668051105.741796
934422796.0,0.0,0.0,0.0,0.0,0.0,0.0,0.0,1.0,1.0,1668051106.741817
935422783.0,0.0,0.0,0.0,0.0,0.0,0.0,0.0,1.0,1.0,1668051107.741804
936422795.0,0.0,0.0,0.0,0.0,0.0,0.0,0.0,1.0,1.0,1668051108.741816
937422949.0,0.0,0.0,0.0,0.0,0.0,0.0,0.0,1.0,1.0,1668051109.74197
938422851.0,0.0,0.0,0.0,0.0,0.0,0.0,0.0,1.0,1.0,1668051110.741872
939422940.0,0.0,0.0,0.0,0.0,0.0,0.0,0.0,1.0,1.0,1668051111.741961
940423052.0,0.0,0.0,0.0,0.0,0.0,0.0,0.0,1.0,1.0,1668051112.742073
941422864.0,0.0,0.0,0.0,0.0,0.0,0.0,0.0,1.0,1.0,1668051113.741885
942422808.0,0.0,0.0,0.0,0.0,0.0,0.0,0.0,1.0,1.0,1668051114.741829
943422855.0,0.0,0.0,0.0,0.0,0.0,0.0,0.0,1.0,1.0,1668051115.741876
944422804.0,0.0,0.0,0.0,0.0,0.0,0.0,0.0,1.0,1.0,1668051116.741825
945422852.0,0.0,0.0,0.0,0.0,0.0,0.0,0.0,1.0,1.0,1668051117.741873
946422873.0,0.0,0.0,0.0,0.0,0.0,0.0,0.0,1.0,1.0,1668051118.741894
947422808.0,0.0,0.0,0.0,0.0,0.0,0.0,0.0,1.0,1.0,1668051119.741829
948422860.0,0.0,0.0,0.0,0.0,0.0,0.0,0.0,1.0,1.0,1668051120.741881
949422767.0,0.0,0.0,0.0,0.0,0.0,0.0,0.0,1.0,1.0,1668051121.741788
950434478.0,0.0,0.0,0.0,0.0,0.0,0.0,0.0,1.0,1.0,1668051122.753499
951434640.0,0.0,0.0,0.0,0.0,0.0,0.0,0.0,1.0,1.0,1668051123.753661
952434457.0,0.0,0.0,0.0,0.0,0.0,0.0,0.0,1.0,1.0,1668051124.753478
953434673.0,0.0,0.0,0.0,0.0,0.0,0.0,0.0,1.0,1.0,1668051125.753694
954434571.0,0.0,0.0,0.0,0.0,0.0,0.0,0.0,1.0,1.0,1668051126.753592
955434540.0,0.0,0.0,0.0,0.0,0.0,0.0,0.0,1.0,1.0,1668051127.753561
956434580.0,0.0,0.0,0.0,0.0,0.0,0.0,0.0,1.0,1.0,1668051128.753601
957434498.0,0.0,0.0,0.0,0.0,0.0,0.0,0.0,1.0,1.0,1668051129.753519
958434589.0,0.0,0.0,0.0,0.0,0.0,0.0,0.0,1.0,1.0,1668051130.75361
959434497.0,0.0,0.0,0.0,0.0,0.0,0.0,0.0,1.0,1.0,1668051131.753518
960434614.0,0.0,0.0,0.0,0.0,0.0,0.0,0.0,1.0,1.0,1668051132.753635
961434586.0,0.0,0.0,0.0,0.0,0.0,0.0,0.0,1.0,1.0,1668051133.753607
962434580.0,0.0,0.0,0.0,0.0,0.0,0.0,0.0,1.0,1.0,1668051134.753601
963434634.0,0.0,0.0,0.0,0.0,0.0,0.0,0.0,1.0,1.0,1668051135.753655
964434545.0,0.0,0.0,0.0,0.0,0.0,0.0,0.0,1.0,1.0,1668051136.753566
969435112.0,0.0,0.0,0.0,0.0,0.0,0.0,0.0,1.0,1.0,1668051141.754133
970435091.0,0.0,0.0,0.0,0.0,0.0,0.0,0.0,1.0,1.0,1668051142.754112
971434804.0,0.0,0.0,0.0,0.0,0.0,0.0,0.0,1.0,1.0,1668051143.753825
972434910.0,0.0,0.0,0.0,0.0,0.0,0.0,0.0,1.0,1.0,1668051144.753931
973434917.0,0.0,0.0,0.0,0.0,0.0,0.0,0.0,1.0,1.0,1668051145.753938
974435164.0,0.0,0.0,0.0,0.0,0.0,0.0,0.0,1.0,1.0,1668051146.754185
975434913.0,0.0,0.0,0.0,0.0,0.0,0.0,0.0,1.0,1.0,1668051147.753934
976434972.0,0.0,0.0,0.0,0.0,0.0,0.0,0.0,1.0,1.0,1668051148.753993
977435037.0,0.0,0.0,0.0,0.0,0.0,0.0,0.0,1.0,1.0,1668051149.754058
978435186.0,0.0,0.0,0.0,0.0,0.0,0.0,0.0,1.0,1.0,1668051150.754207
979434960.0,0.0,0.0,0.0,0.0,0.0,0.0,0.0,1.0,1.0,1668051151.7539809
980435000.0,0.0,0.0,0.0,0.0,0.0,0.0,0.0,1.0,1.0,1668051152.754021
981435156.0,0.0,0.0,0.0,0.0,0.0,0.0,0.0,1.0,1.0,1668051153.754177
982435340.0,0.0,0.0,0.0,0.0,0.0,0.0,0.0,1.0,1.0,1668051154.754361
983435113.0,0.0,0.0,0.0,0.0,0.0,0.0,0.0,1.0,1.0,1668051155.754134
984435209.0,0.0,0.0,0.0,0.0,0.0,0.0,0.0,1.0,1.0,1668051156.75423
985435216.0,0.0,0.0,0.0,0.0,0.0,0.0,0.0,1.0,1.0,1668051157.754237
986434999.0,0.0,0.0,0.0,0.0,0.0,0.0,0.0,1.0,1.0,1668051158.75402
987435238.0,0.0,0.0,0.0,0.0,0.0,0.0,0.0,1.0,1.0,1668051159.7542589
988435175.0,0.0,0.0,0.0,0.0,0.0,0.0,0.0,1.0,1.0,1668051160.754196
989435053.0,0.0,0.0,0.0,0.0,0.0,0.0,0.0,1.0,1.0,1668051161.754074
990435075.0,0.0,0.0,0.0,0.0,0.0,0.0,0.0,1.0,1.0,1668051162.754096
991435181.0,0.0,0.0,0.0,0.0,0.0,0.0,0.0,1.0,1.0,1668051163.754202
992272851.0,0.0,0.0,0.0,0.0,0.0,0.0,0.0,1.0,1.0,1668051164.591872
993272743.0,0.0,0.0,0.0,0.0,0.0,0.0,0.0,1.0,1.0,1668051165.591764
994272734.0,0.0,0.0,0.0,0.0,0.0,0.0,0.0,1.0,1.0,1668051166.591755
995272753.0,0.0,0.0,0.0,0.0,0.0,0.0,0.0,1.0,1.0,1668051167.591774
996272672.0,0.0,0.0,0.0,0.0,0.0,0.0,0.0,1.0,1.0,1668051168.591693
997272790.0,0.0,0.0,0.0,0.0,0.0,0.0,0.0,1.0,1.0,1668051169.591811
998272600.0,0.0,0.0,0.0,0.0,0.0,0.0,0.0,1.0,1.0,1668051170.591621
999272698.0,0.0,0.0,0.0,0.0,0.0,0.0,0.0,1.0,1.0,1668051171.591719
1000272671.0,0.0,0.0,0.0,0.0,0.0,0.0,0.0,1.0,1.0,1668051172.591692
1001272752.0,0.0,0.0,0.0,0.0,0.0,0.0,0.0,1.0,1.0,1668051173.591773
1002272556.0,0.0,0.0,0.0,0.0,0.0,0.0,0.0,1.0,1.0,1668051174.591577
1003272556.0,0.0,0.0,0.0,0.0,0.0,0.0,0.0,1.0,1.0,1668051175.591577
1004272653.0,0.0,0.0,0.0,0.0,0.0,0.0,0.0,1.0,1.0,1668051176.591674
1005272555.0,0.0,0.0,0.0,0.0,0.0,0.0,0.0,1.0,1.0,1668051177.591576
1006272710.0,0.0,0.0,0.0,0.0,0.0,0.0,0.0,1.0,1.0,1668051178.591731
1007272593.0,0.0,0.0,0.0,0.0,0.0,0.0,0.0,1.0,1.0,1668051179.591614
1008272628.0,0.0,0.0,0.0,0.0,0.0,0.0,0.0,1.0,1.0,1668051180.591649
1009272666.0,0.0,0.0,0.0,0.0,0.0,0.0,0.0,1.0,1.0,1668051181.591687
1010272904.0,0.0,0.0,0.0,0.0,0.0,0.0,0.0,1.0,1.0,1668051182.591925
1011275077.0,0.0,0.0,0.0,0.0,0.0,0.0,0.0,1.0,1.0,1668051183.594098
1012274867.0,0.0,0.0,0.0,0.0,0.0,0.0,0.0,1.0,1.0,1668051184.593888
1013275076.0,0.0,0.0,0.0,0.0,0.0,0.0,0.0,1.0,1.0,1668051185.594097
1014274828.0,0.0,0.0,0.0,0.0,0.0,0.0,0.0,1.0,1.0,1668051186.593849
1015274972.0,0.0,0.0,0.0,0.0,0.0,0.0,0.0,1.0,1.0,1668051187.593993
1016275086.0,0.0,0.0,0.0,0.0,0.0,0.0,0.0,1.0,1.0,1668051188.594107
1017274931.0,0.0,0.0,0.0,0.0,0.0,0.0,0.0,1.0,1.0,1668051189.593952
1018275346.0,0.0,0.0,0.0,0.0,0.0,0.0,0.0,1.0,1.0,1668051190.594367
1019274977.0,0.0,0.0,0.0,0.0,0.0,0.0,0.0,1.0,1.0,1668051191.593998
1020275370.0,0.0,0.0,0.0,0.0,0.0,0.0,0.0,1.0,1.0,1668051192.5943909
1021277045.0,0.0,0.0,0.0,0.0,0.0,0.0,0.0,1.0,1.0,1668051193.596066
1022277096.0,0.0,0.0,0.0,0.0,0.0,0.0,0.0,1.0,1.0,1668051194.596117
1023277165.0,0.0,0.0,0.0,0.0,0.0,0.0,0.0,1.0,1.0,1668051195.596186
1024276954.0,0.0,0.0,0.0,0.0,0.0,0.0,0.0,1.0,1.0,1668051196.595975
1025277011.0,0.0,0.0,0.0,0.0,0.0,0.0,0.0,1.0,1.0,1668051197.596032
1026277139.0,0.0,0.0,0.0,0.0,0.0,0.0,0.0,1.0,1.0,1668051198.59616
1027277033.0,0.0,0.0,0.0,0.0,0.0,0.0,0.0,1.0,1.0,1668051199.596054
1028276888.0,0.0,0.0,0.0,0.0,0.0,0.0,0.0,1.0,1.0,1668051200.5959089
1029277198.0,0.0,0.0,0.0,0.0,0.0,0.0,0.0,1.0,1.0,1668051201.596219
1030277151.0,0.0,0.0,0.0,0.0,0.0,0.0,0.0,1.0,1.0,1668051202.596172
1031277147.0,0.0,0.0,0.0,0.0,0.0,0.0,0.0,1.0,1.0,1668051203.596168
1032277021.0,0.0,0.0,0.0,0.0,0.0,0.0,0.0,1.0,1.0,1668051204.596042
1033276878.0,0.0,0.0,0.0,0.0,0.0,0.0,0.0,1.0,1.0,1668051205.595899
1034276946.0,0.0,0.0,0.0,0.0,0.0,0.0,0.0,1.0,1.0,1668051206.595967
1035276956.0,0.0,0.0,0.0,0.0,0.0,0.0,0.0,1.0,1.0,1668051207.595977
1036277107.0,0.0,0.0,0.0,0.0,0.0,0.0,0.0,1.0,1.0,1668051208.596128
1037277161.0,0.0,0.0,0.0,0.0,0.0,0.0,0.0,1.0,1.0,1668051209.5961819
1038276972.0,0.0,0.0,0.0,0.0,0.0,0.0,0.0,1.0,1.0,1668051210.595993
1039276947.0,0.0,0.0,0.0,0.0,0.0,0.0,0.0,1.0,1.0,1668051211.595968
1040276883.0,0.0,0.0,0.0,0.0,0.0,0.0,0.0,1.0,1.0,1668051212.5959039
1041277036.0,0.0,0.0,0.0,0.0,0.0,0.0,0.0,1.0,1.0,1668051213.596057
1042276845.0,0.0,0.0,0.0,0.0,0.0,0.0,0.0,1.0,1.0,1668051214.595866
1043277076.0,0.0,0.0,0.0,0.0,0.0,0.0,0.0,1.0,1.0,1668051215.596097
1044276963.0,0.0,0.0,0.0,0.0,0.0,0.0,0.0,1.0,1.0,1668051216.595984
1045277165.0,0.0,0.0,0.0,0.0,0.0,0.0,0.0,1.0,1.0,1668051217.596186
1046277356.0,0.0,0.0,0.0,0.0,0.0,0.0,0.0,1.0,1.0,1668051218.596377
1047277131.0,0.0,0.0,0.0,0.0,0.0,0.0,0.0,1.0,1.0,1668051219.596152
1048277145.0,0.0,0.0,0.0,0.0,0.0,0.0,0.0,1.0,1.0,1668051220.596166
1049277169.0,0.0,0.0,0.0,0.0,0.0,0.0,0.0,1.0,1.0,1668051221.59619
1050277335.0,0.0,0.0,0.0,0.0,0.0,0.0,0.0,1.0,1.0,1668051222.596356
1051277259.0,0.0,0.0,0.0,0.0,0.0,0.0,0.0,1.0,1.0,1668051223.59628
1052277404.0,0.0,0.0,0.0,0.0,0.0,0.0,0.0,1.0,1.0,1668051224.596425
1053277063.0,0.0,0.0,0.0,0.0,0.0,0.0,0.0,1.0,1.0,1668051225.5960839
1054277190.0,0.0,0.0,0.0,0.0,0.0,0.0,0.0,1.0,1.0,1668051226.596211
1055277247.0,0.0,0.0,0.0,0.0,0.0,0.0,0.0,1.0,1.0,1668051227.596268
1056277273.0,0.0,0.0,0.0,0.0,0.0,0.0,0.0,1.0,1.0,1668051228.596294
1057277148.0,0.0,0.0,0.0,0.0,0.0,0.0,0.0,1.0,1.0,1668051229.596169
1058277132.0,0.0,0.0,0.0,0.0,0.0,0.0,0.0,1.0,1.0,1668051230.596153
1059277179.0,0.0,0.0,0.0,0.0,0.0,0.0,0.0,1.0,1.0,1668051231.5962
1060277184.0,0.0,0.0,0.0,0.0,0.0,0.0,0.0,1.0,1.0,1668051232.596205
1061277361.0,0.0,0.0,0.0,0.0,0.0,0.0,0.0,1.0,1.0,1668051233.596382
1062277181.0,0.0,0.0,0.0,0.0,0.0,0.0,0.0,1.0,1.0,1668051234.596202
1063277156.0,0.0,0.0,0.0,0.0,0.0,0.0,0.0,1.0,1.0,1668051235.596177
1064277126.0,0.0,0.0,0.0,0.0,0.0,0.0,0.0,1.0,1.0,1668051236.596147
1065277132.0,0.0,0.0,0.0,0.0,0.0,0.0,0.0,1.0,1.0,1668051237.596153
1066277335.0,0.0,0.0,0.0,0.0,0.0,0.0,0.0,1.0,1.0,1668051238.596356
1067277198.0,0.0,0.0,0.0,0.0,0.0,0.0,0.0,1.0,1.0,1668051239.596219
1068277269.0,0.0,0.0,0.0,0.0,0.0,0.0,0.0,1.0,1.0,1668051240.5962899
1069277195.0,0.0,0.0,0.0,0.0,0.0,0.0,0.0,1.0,1.0,1668051241.596216
1070277282.0,0.0,0.0,0.0,0.0,0.0,0.0,0.0,1.0,1.0,1668051242.596303
1071277406.0,0.0,0.0,0.0,0.0,0.0,0.0,0.0,1.0,1.0,1668051243.596427
1072277089.0,0.0,0.0,0.0,0.0,0.0,0.0,0.0,1.0,1.0,1668051244.59611
1073277207.0,0.0,0.0,0.0,0.0,0.0,0.0,0.0,1.0,1.0,1668051245.596228
1074277146.0,0.0,0.0,0.0,0.0,0.0,0.0,0.0,1.0,1.0,1668051246.596167
1075277219.0,0.0,0.0,0.0,0.0,0.0,0.0,0.0,1.0,1.0,1668051247.59624
1076277252.0,0.0,0.0,0.0,0.0,0.0,0.0,0.0,1.0,1.0,1668051248.596273
1077277226.0,0.0,0.0,0.0,0.0,0.0,0.0,0.0,1.0,1.0,1668051249.596247
1078277153.0,0.0,0.0,0.0,0.0,0.0,0.0,0.0,1.0,1.0,1668051250.596174
1079277455.0,0.0,0.0,0.0,0.0,0.0,0.0,0.0,1.0,1.0,1668051251.596476
1080277149.0,0.0,0.0,0.0,0.0,0.0,0.0,0.0,1.0,1.0,1668051252.59617
1081277300.0,0.0,0.0,0.0,0.0,0.0,0.0,0.0,1.0,1.0,1668051253.5963209
1082277171.0,0.0,0.0,0.0,0.0,0.0,0.0,0.0,1.0,1.0,1668051254.596192
1083277069.0,0.0,0.0,0.0,0.0,0.0,0.0,0.0,1.0,1.0,1668051255.59609
1084277084.0,0.0,0.0,0.0,0.0,0.0,0.0,0.0,1.0,1.0,1668051256.596105
1085277152.0,0.0,0.0,0.0,0.0,0.0,0.0,0.0,1.0,1.0,1668051257.596173
1086277365.0,0.0,0.0,0.0,0.0,0.0,0.0,0.0,1.0,1.0,1668051258.596386
1087277147.0,0.0,0.0,0.0,0.0,0.0,0.0,0.0,1.0,1.0,1668051259.596168
1088277302.0,0.0,0.0,0.0,0.0,0.0,0.0,0.0,1.0,1.0,1668051260.596323
1089276958.0,0.0,0.0,0.0,0.0,0.0,0.0,0.0,1.0,1.0,1668051261.595979
1090277237.0,0.0,0.0,0.0,0.0,0.0,0.0,0.0,1.0,1.0,1668051262.596258
1091277252.0,0.0,0.0,0.0,0.0,0.0,0.0,0.0,1.0,1.0,1668051263.596273
1092277230.0,0.0,0.0,0.0,0.0,0.0,0.0,0.0,1.0,1.0,1668051264.596251
1093277121.0,0.0,0.0,0.0,0.0,0.0,0.0,0.0,1.0,1.0,1668051265.596142
1094277138.0,0.0,0.0,0.0,0.0,0.0,0.0,0.0,1.0,1.0,1668051266.596159
1095277117.0,0.0,0.0,0.0,0.0,0.0,0.0,0.0,1.0,1.0,1668051267.596138
1096277134.0,0.0,0.0,0.0,0.0,0.0,0.0,0.0,1.0,1.0,1668051268.596155
1097277251.0,0.0,0.0,0.0,0.0,0.0,0.0,0.0,1.0,1.0,1668051269.596272
1098277017.0,0.0,0.0,0.0,0.0,0.0,0.0,0.0,1.0,1.0,1668051270.596038
1099277064.0,0.0,0.0,0.0,0.0,0.0,0.0,0.0,1.0,1.0,1668051271.596085
1100277233.0,0.0,0.0,0.0,0.0,0.0,0.0,0.0,1.0,1.0,1668051272.5962539
1101277308.0,0.0,0.0,0.0,0.0,0.0,0.0,0.0,1.0,1.0,1668051273.596329
1102277171.0,0.0,0.0,0.0,0.0,0.0,0.0,0.0,1.0,1.0,1668051274.596192
1103277060.0,0.0,0.0,0.0,0.0,0.0,0.0,0.0,1.0,1.0,1668051275.596081
1104277102.0,0.0,0.0,0.0,0.0,0.0,0.0,0.0,1.0,1.0,1668051276.596123
1105277151.0,0.0,0.0,0.0,0.0,0.0,0.0,0.0,1.0,1.0,1668051277.596172
1106277404.0,0.0,0.0,0.0,0.0,0.0,0.0,0.0,1.0,1.0,1668051278.596425
1107277193.0,0.0,0.0,0.0,0.0,0.0,0.0,0.0,1.0,1.0,1668051279.596214
1108277136.0,0.0,0.0,0.0,0.0,0.0,0.0,0.0,1.0,1.0,1668051280.596157
1109276969.0,0.0,0.0,0.0,0.0,0.0,0.0,0.0,1.0,1.0,1668051281.59599
1110277058.0,0.0,0.0,0.0,0.0,0.0,0.0,0.0,1.0,1.0,1668051282.5960789
1111277069.0,0.0,0.0,0.0,0.0,0.0,0.0,0.0,1.0,1.0,1668051283.59609
1112277160.0,0.0,0.0,0.0,0.0,0.0,0.0,0.0,1.0,1.0,1668051284.596181
1113277306.0,0.0,0.0,0.0,0.0,0.0,0.0,0.0,1.0,1.0,1668051285.596327
1114277053.0,0.0,0.0,0.0,0.0,0.0,0.0,0.0,1.0,1.0,1668051286.596074
1115277143.0,0.0,0.0,0.0,0.0,0.0,0.0,0.0,1.0,1.0,1668051287.596164
1116277243.0,0.0,0.0,0.0,0.0,0.0,0.0,0.0,1.0,1.0,1668051288.596264
1117277155.0,0.0,0.0,0.0,0.0,0.0,0.0,0.0,1.0,1.0,1668051289.596176
1118277163.0,0.0,0.0,0.0,0.0,0.0,0.0,0.0,1.0,1.0,1668051290.596184
1119277130.0,0.0,0.0,0.0,0.0,0.0,0.0,0.0,1.0,1.0,1668051291.5961509
1120277235.0,0.0,0.0,0.0,0.0,0.0,0.0,0.0,1.0,1.0,1668051292.596256
1121277401.0,0.0,0.0,0.0,0.0,0.0,0.0,0.0,1.0,1.0,1668051293.596422
1122277037.0,0.0,0.0,0.0,0.0,0.0,0.0,0.0,1.0,1.0,1668051294.596058
1123277059.0,0.0,0.0,0.0,0.0,0.0,0.0,0.0,1.0,1.0,1668051295.59608
1124277354.0,0.0,0.0,0.0,0.0,0.0,0.0,0.0,1.0,1.0,1668051296.596375
1125277257.0,0.0,0.0,0.0,0.0,0.0,0.0,0.0,1.0,1.0,1668051297.596278
1126277213.0,0.0,0.0,0.0,0.0,0.0,0.0,0.0,1.0,1.0,1668051298.596234
1127277241.0,0.0,0.0,0.0,0.0,0.0,0.0,0.0,1.0,1.0,1668051299.596262
1128277116.0,0.0,0.0,0.0,0.0,0.0,0.0,0.0,1.0,1.0,1668051300.596137
1129277029.0,0.0,0.0,0.0,0.0,0.0,0.0,0.0,1.0,1.0,1668051301.59605
1130277237.0,0.0,0.0,0.0,0.0,0.0,0.0,0.0,1.0,1.0,1668051302.596258
1131277283.0,0.0,0.0,0.0,0.0,0.0,0.0,0.0,1.0,1.0,1668051303.596304
1132277038.0,0.0,0.0,0.0,0.0,0.0,0.0,0.0,1.0,1.0,1668051304.596059
1133277414.0,0.0,0.0,0.0,0.0,0.0,0.0,0.0,1.0,1.0,1668051305.596435
1134277078.0,0.0,0.0,0.0,0.0,0.0,0.0,0.0,1.0,1.0,1668051306.596099
1135277197.0,0.0,0.0,0.0,0.0,0.0,0.0,0.0,1.0,1.0,1668051307.5962179
1136277241.0,0.0,0.0,0.0,0.0,0.0,0.0,0.0,1.0,1.0,1668051308.596262
1137277199.0,0.0,0.0,0.0,0.0,0.0,0.0,0.0,1.0,1.0,1668051309.59622
1138277192.0,0.0,0.0,0.0,0.0,0.0,0.0,0.0,1.0,1.0,1668051310.596213
1139276991.0,0.0,0.0,0.0,0.0,0.0,0.0,0.0,1.0,1.0,1668051311.5960119
1140277155.0,0.0,0.0,0.0,0.0,0.0,0.0,0.0,1.0,1.0,1668051312.596176
1141277170.0,0.0,0.0,0.0,0.0,0.0,0.0,0.0,1.0,1.0,1668051313.596191
1142277321.0,0.0,0.0,0.0,0.0,0.0,0.0,0.0,1.0,1.0,1668051314.596342
1143276990.0,0.0,0.0,0.0,0.0,0.0,0.0,0.0,1.0,1.0,1668051315.596011
1144277105.0,0.0,0.0,0.0,0.0,0.0,0.0,0.0,1.0,1.0,1668051316.596126
1145277123.0,0.0,0.0,0.0,0.0,0.0,0.0,0.0,1.0,1.0,1668051317.596144
1146277355.0,0.0,0.0,0.0,0.0,0.0,0.0,0.0,1.0,1.0,1668051318.596376
1147277179.0,0.0,0.0,0.0,0.0,0.0,0.0,0.0,1.0,1.0,1668051319.5962
1148277183.0,0.0,0.0,0.0,0.0,0.0,0.0,0.0,1.0,1.0,1668051320.596204
1149277208.0,0.0,0.0,0.0,0.0,0.0,0.0,0.0,1.0,1.0,1668051321.596229
1150277309.0,0.0,0.0,0.0,0.0,0.0,0.0,0.0,1.0,1.0,1668051322.59633
1151277376.0,0.0,0.0,0.0,0.0,0.0,0.0,0.0,1.0,1.0,1668051323.596397
1152277149.0,0.0,0.0,0.0,0.0,0.0,0.0,0.0,1.0,1.0,1668051324.59617
1153277183.0,0.0,0.0,0.0,0.0,0.0,0.0,0.0,1.0,1.0,1668051325.596204
1154277301.0,0.0,0.0,0.0,0.0,0.0,0.0,0.0,1.0,1.0,1668051326.596322
1155277082.0,0.0,0.0,0.0,0.0,0.0,0.0,0.0,1.0,1.0,1668051327.596103
1156112952.0,0.0,0.0,0.0,0.0,0.0,0.0,0.0,1.0,1.0,1668051328.431973
1157114651.0,0.0,0.0,0.0,0.0,0.0,0.0,0.0,1.0,1.0,1668051329.433672
1158114991.0,0.0,0.0,0.0,0.0,0.0,0.0,0.0,1.0,1.0,1668051330.434012
1159115097.0,0.0,0.0,0.0,0.0,0.0,0.0,0.0,1.0,1.0,1668051331.434118
1160114966.0,0.0,0.0,0.0,0.0,0.0,0.0,0.0,1.0,1.0,1668051332.433987
1161114943.0,0.0,0.0,0.0,0.0,0.0,0.0,0.0,1.0,1.0,1668051333.433964
1162114913.0,0.0,0.0,0.0,0.0,0.0,0.0,0.0,1.0,1.0,1668051334.433934
1163114981.0,0.0,0.0,0.0,0.0,0.0,0.0,0.0,1.0,1.0,1668051335.434002
1164114931.0,0.0,0.0,0.0,0.0,0.0,0.0,0.0,1.0,1.0,1668051336.433952
1165115356.0,0.0,0.0,0.0,0.0,0.0,0.0,0.0,1.0,1.0,1668051337.434377
1166114957.0,0.0,0.0,0.0,0.0,0.0,0.0,0.0,1.0,1.0,1668051338.433978
1167115022.0,0.0,0.0,0.0,0.0,0.0,0.0,0.0,1.0,1.0,1668051339.434043
1168115192.0,0.0,0.0,0.0,0.0,0.0,0.0,0.0,1.0,1.0,1668051340.434213
1169115168.0,0.0,0.0,0.0,0.0,0.0,0.0,0.0,1.0,1.0,1668051341.434189
1170115264.0,0.0,0.0,0.0,0.0,0.0,0.0,0.0,1.0,1.0,1668051342.434285
1171115137.0,0.0,0.0,0.0,0.0,0.0,0.0,0.0,1.0,1.0,1668051343.434158
1172115308.0,0.0,0.0,0.0,0.0,0.0,0.0,0.0,1.0,1.0,1668051344.434329
1173115270.0,0.0,0.0,0.0,0.0,0.0,0.0,0.0,1.0,1.0,1668051345.434291
1174115463.0,0.0,0.0,0.0,0.0,0.0,0.0,0.0,1.0,1.0,1668051346.434484
1175129842.0,0.0,0.0,0.0,0.0,0.0,0.0,0.0,1.0,1.0,1668051347.448863
1176129820.0,0.0,0.0,0.0,0.0,0.0,0.0,0.0,1.0,1.0,1668051348.448841
1177129754.0,0.0,0.0,0.0,0.0,0.0,0.0,0.0,1.0,1.0,1668051349.448775
1178129879.0,0.0,0.0,0.0,0.0,0.0,0.0,0.0,1.0,1.0,1668051350.4489
1179129883.0,0.0,0.0,0.0,0.0,0.0,0.0,0.0,1.0,1.0,1668051351.448904
1180129960.0,0.0,0.0,0.0,0.0,0.0,0.0,0.0,1.0,1.0,1668051352.448981
1181129819.0,0.0,0.0,0.0,0.0,0.0,0.0,0.0,1.0,1.0,1668051353.44884
1182129969.0,0.0,0.0,0.0,0.0,0.0,0.0,0.0,1.0,1.0,1668051354.4489899
1183129744.0,0.0,0.0,0.0,0.0,0.0,0.0,0.0,1.0,1.0,1668051355.448765
1184129802.0,0.0,0.0,0.0,0.0,0.0,0.0,0.0,1.0,1.0,1668051356.448823
1185129854.0,0.0,0.0,0.0,0.0,0.0,0.0,0.0,1.0,1.0,1668051357.448875
1186129766.0,0.0,0.0,0.0,0.0,0.0,0.0,0.0,1.0,1.0,1668051358.448787
1187129797.0,0.0,0.0,0.0,0.0,0.0,0.0,0.0,1.0,1.0,1668051359.448818
1188129856.0,0.0,0.0,0.0,0.0,0.0,0.0,0.0,1.0,1.0,1668051360.448877
1189129870.0,0.0,0.0,0.0,0.0,0.0,0.0,0.0,1.0,1.0,1668051361.448891
