TimeUS,Sprd_A,Gate,Spin,CurGate,CurSpin,ADC,OutSolid,Empty,Level,timestamp
221959968.0,0.0,0.0,0.0,0.0,0.0,0.0008056640508584678,0.0,0.0,0.0,1668050394.278989
222961700.0,0.0,0.0,0.0,0.0,0.0,0.0008056640508584678,0.0,0.0,0.0,1668050395.280721
223961735.0,0.0,0.0,0.0,0.0,0.0,0.0008056640508584678,0.0,0.0,0.0,1668050396.280756
227973596.0,0.0,0.0,0.0,0.0,0.0,0.0008056640508584678,0.0,0.0,0.0,1668050400.292617
228973614.0,0.0,0.0,0.0,0.0,0.0,0.0008056640508584678,0.0,0.0,0.0,1668050401.292635
229973637.0,0.0,0.0,0.0,0.0,0.0,0.0008056640508584678,0.0,0.0,0.0,1668050402.292658
233986958.0,0.0,0.0,0.0,0.0,0.0,0.0008056640508584678,0.0,0.0,0.0,1668050406.305979
234986943.0,0.0,0.0,0.0,0.0,0.0,0.0008056640508584678,0.0,0.0,0.0,1668050407.305964
238999221.0,0.0,0.0,0.0,0.0,0.0,0.0008056640508584678,0.0,0.0,0.0,1668050411.318242
239999281.0,0.0,0.0,0.0,0.0,0.0,0.0008056640508584678,0.0,0.0,0.0,1668050412.318302
240999279.0,0.0,0.0,0.0,0.0,0.0,0.0008056640508584678,0.0,0.0,0.0,1668050413.3183
241999336.0,0.0,0.0,0.0,0.0,0.0,0.0008056640508584678,0.0,0.0,0.0,1668050414.318357
242999430.0,0.0,0.0,0.0,0.0,0.0,0.0008056640508584678,0.0,0.0,0.0,1668050415.318451
247011096.0,0.0,0.0,0.0,0.0,0.0,0.0008056640508584678,0.0,0.0,0.0,1668050419.330117
248011041.0,0.0,0.0,0.0,0.0,0.0,0.0008056640508584678,0.0,0.0,0.0,1668050420.330062
249011224.0,0.0,0.0,0.0,0.0,0.0,0.0008056640508584678,0.0,0.0,0.0,1668050421.330245
253022981.0,0.0,0.0,0.0,0.0,0.0,0.0008056640508584678,0.0,0.0,0.0,1668050425.342002
254023060.0,0.0,0.0,0.0,0.0,0.0,0.0008056640508584678,0.0,0.0,0.0,1668050426.342081
255023115.0,0.0,0.0,0.0,0.0,0.0,0.0008056640508584678,0.0,0.0,0.0,1668050427.342136
259034983.0,0.0,0.0,0.0,0.0,0.0,0.0008056640508584678,0.0,0.0,0.0,1668050431.354004
260035029.0,0.0,0.0,0.0,0.0,0.0,0.0008056640508584678,0.0,0.0,0.0,1668050432.35405
261035001.0,0.0,0.0,0.0,0.0,0.0,0.0008056640508584678,0.0,0.0,0.0,1668050433.354022
262035104.0,0.0,0.0,0.0,0.0,0.0,0.0008056640508584678,0.0,0.0,0.0,1668050434.354125
263035091.0,0.0,0.0,0.0,0.0,0.0,0.0008056640508584678,0.0,0.0,0.0,1668050435.354112
264035076.0,0.0,0.0,0.0,0.0,0.0,0.0008056640508584678,0.0,0.0,0.0,1668050436.354097
265035183.0,0.0,0.0,0.0,0.0,0.0,0.0008056640508584678,0.0,0.0,0.0,1668050437.354204
266035022.0,0.0,0.0,0.0,0.0,0.0,0.0008056640508584678,0.0,0.0,0.0,1668050438.354043
267034993.0,0.0,0.0,0.0,0.0,0.0,0.0008056640508584678,0.0,0.0,0.0,1668050439.354014
268035075.0,0.0,0.0,0.0,0.0,0.0,0.0008056640508584678,0.0,0.0,0.0,1668050440.354096
269035097.0,0.0,0.0,0.0,0.0,0.0,0.0008056640508584678,0.0,0.0,0.0,1668050441.3541179
270035044.0,0.0,0.0,0.0,0.0,0.0,0.0008056640508584678,0.0,0.0,0.0,1668050442.354065
271035037.0,0.0,0.0,0.0,0.0,0.0,0.0008056640508584678,0.0,0.0,0.0,1668050443.354058
272035280.0,0.0,0.0,0.0,0.0,0.0,0.0008056640508584678,0.0,0.0,0.0,1668050444.354301
273035158.0,0.0,0.0,0.0,0.0,0.0,0.0008056640508584678,0.0,0.0,0.0,1668050445.354179
275034995.0,0.0,0.0,0.0,0.0,0.0,0.0008056640508584678,0.0,0.0,0.0,1668050447.354016
276035051.0,0.0,0.0,0.0,0.0,0.0,0.0008056640508584678,0.0,0.0,0.0,1668050448.354072
277035064.0,0.0,0.0,0.0,0.0,0.0,0.0008056640508584678,0.0,0.0,0.0,1668050449.354085
278034956.0,0.0,0.0,0.0,0.0,0.0,0.0008056640508584678,0.0,0.0,0.0,1668050450.353977
279034951.0,0.0,0.0,0.0,0.0,0.0,0.0008056640508584678,0.0,0.0,0.0,1668050451.353972
280034916.0,0.0,0.0,0.0,0.0,0.0,0.0008056640508584678,0.0,0.0,0.0,1668050452.353937
281035029.0,0.0,0.0,0.0,0.0,0.0,0.0008056640508584678,0.0,0.0,0.0,1668050453.35405
282035009.0,0.0,0.0,0.0,0.0,0.0,0.0008056640508584678,0.0,0.0,0.0,1668050454.35403
283035137.0,0.0,0.0,0.0,0.0,0.0,0.0008056640508584678,0.0,0.0,0.0,1668050455.354158
284035028.0,0.0,0.0,0.0,0.0,0.0,0.0008056640508584678,0.0,0.0,0.0,1668050456.354049
285034903.0,0.0,0.0,0.0,0.0,0.0,0.0008056640508584678,0.0,0.0,0.0,1668050457.353924
286035022.0,0.0,0.0,0.0,0.0,0.0,0.0008056640508584678,0.0,0.0,0.0,1668050458.354043
287035015.0,0.0,0.0,0.0,0.0,0.0,0.0008056640508584678,0.0,0.0,0.0,1668050459.354036
288034967.0,0.0,0.0,0.0,0.0,0.0,0.0008056640508584678,0.0,0.0,0.0,1668050460.353988
289034946.0,0.0,0.0,0.0,0.0,0.0,0.0008056640508584678,0.0,0.0,0.0,1668050461.353967
290046853.0,0.0,0.0,0.0,0.0,0.0,0.0008056640508584678,0.0,0.0,0.0,1668050462.365874
291047109.0,0.0,0.0,0.0,0.0,0.0,0.0008056640508584678,0.0,0.0,0.0,1668050463.3661299
292046966.0,0.0,0.0,0.0,0.0,0.0,0.0008056640508584678,0.0,0.0,0.0,1668050464.365987
293046977.0,0.0,0.0,0.0,0.0,0.0,0.0008056640508584678,0.0,0.0,0.0,1668050465.365998
294046930.0,0.0,0.0,0.0,0.0,0.0,0.0008056640508584678,0.0,0.0,0.0,1668050466.365951
295047092.0,0.0,0.0,0.0,0.0,0.0,0.0008056640508584678,0.0,0.0,0.0,1668050467.366113
296046730.0,0.0,0.0,0.0,0.0,0.0,0.0008056640508584678,0.0,0.0,0.0,1668050468.365751
297046782.0,0.0,0.0,0.0,0.0,0.0,0.0008056640508584678,0.0,0.0,0.0,1668050469.365803
298046779.0,0.0,0.0,0.0,0.0,0.0,0.0008056640508584678,0.0,0.0,0.0,1668050470.3658
299046764.0,0.0,0.0,0.0,0.0,0.0,0.0008056640508584678,0.0,0.0,0.0,1668050471.365785
300046882.0,0.0,0.0,0.0,0.0,0.0,0.0008056640508584678,0.0,0.0,0.0,1668050472.365903
301046884.0,0.0,0.0,0.0,0.0,0.0,0.0008056640508584678,0.0,0.0,0.0,1668050473.365905
302046763.0,0.0,0.0,0.0,0.0,0.0,0.0008056640508584678,0.0,0.0,0.0,1668050474.365784
303046793.0,0.0,0.0,0.0,0.0,0.0,0.0008056640508584678,0.0,0.0,0.0,1668050475.365814
304046742.0,0.0,0.0,0.0,0.0,0.0,0.0008056640508584678,0.0,0.0,0.0,1668050476.365763
305046948.0,0.0,0.0,0.0,0.0,0.0,0.0008056640508584678,0.0,0.0,0.0,1668050477.365969
306046854.0,0.0,0.0,0.0,0.0,0.0,0.0008056640508584678,0.0,0.0,0.0,1668050478.365875
307046878.0,0.0,0.0,0.0,0.0,0.0,0.0008056640508584678,0.0,0.0,0.0,1668050479.365899
308046932.0,0.0,0.0,0.0,0.0,0.0,0.0008056640508584678,0.0,0.0,0.0,1668050480.365953
309046952.0,0.0,0.0,0.0,0.0,0.0,0.0008056640508584678,0.0,0.0,0.0,1668050481.365973
310046964.0,0.0,0.0,0.0,0.0,0.0,0.0008056640508584678,0.0,0.0,0.0,1668050482.365985
311046906.0,0.0,0.0,0.0,0.0,0.0,0.0008056640508584678,0.0,0.0,0.0,1668050483.365927
312046774.0,0.0,0.0,0.0,0.0,0.0,0.0008056640508584678,0.0,0.0,0.0,1668050484.365795
313046925.0,0.0,0.0,0.0,0.0,0.0,0.0008056640508584678,0.0,0.0,0.0,1668050485.365946
314046760.0,0.0,0.0,0.0,0.0,0.0,0.0008056640508584678,0.0,0.0,0.0,1668050486.365781
315046877.0,0.0,0.0,0.0,0.0,0.0,0.0008056640508584678,0.0,0.0,0.0,1668050487.365898
316046798.0,0.0,0.0,0.0,0.0,0.0,0.0008056640508584678,0.0,0.0,0.0,1668050488.365819
317046735.0,0.0,0.0,0.0,0.0,0.0,0.0008056640508584678,0.0,0.0,0.0,1668050489.365756
318046879.0,0.0,0.0,0.0,0.0,0.0,0.0008056640508584678,0.0,0.0,0.0,1668050490.3659
319046790.0,0.0,0.0,0.0,0.0,0.0,0.0008056640508584678,0.0,0.0,0.0,1668050491.3658109
320046736.0,0.0,0.0,0.0,0.0,0.0,0.0008056640508584678,0.0,0.0,0.0,1668050492.365757
321046804.0,0.0,0.0,0.0,0.0,0.0,0.0008056640508584678,0.0,0.0,0.0,1668050493.365825
322046779.0,0.0,0.0,0.0,0.0,0.0,0.0008056640508584678,0.0,0.0,0.0,1668050494.3658
323046837.0,0.0,0.0,0.0,0.0,0.0,0.0008056640508584678,0.0,0.0,0.0,1668050495.365858
324046778.0,0.0,0.0,0.0,0.0,0.0,0.0008056640508584678,0.0,0.0,0.0,1668050496.365799
325046943.0,0.0,0.0,0.0,0.0,0.0,0.0008056640508584678,0.0,0.0,0.0,1668050497.365964
326046778.0,0.0,0.0,0.0,0.0,0.0,0.0008056640508584678,0.0,0.0,0.0,1668050498.365799
327046903.0,0.0,0.0,0.0,0.0,0.0,0.0008056640508584678,0.0,0.0,0.0,1668050499.365924
328046818.0,0.0,0.0,0.0,0.0,0.0,0.0008056640508584678,0.0,0.0,0.0,1668050500.365839
329046842.0,0.0,0.0,0.0,0.0,0.0,0.0008056640508584678,0.0,0.0,0.0,1668050501.365863
330046839.0,0.0,0.0,0.0,0.0,0.0,0.0008056640508584678,0.0,0.0,0.0,1668050502.36586
331046868.0,0.0,0.0,0.0,0.0,0.0,0.0008056640508584678,0.0,0.0,0.0,1668050503.365889
332046793.0,0.0,0.0,0.0,0.0,0.0,0.0008056640508584678,0.0,0.0,0.0,1668050504.365814
333046822.0,0.0,0.0,0.0,0.0,0.0,0.0008056640508584678,0.0,0.0,0.0,1668050505.365843
334046811.0,0.0,0.0,0.0,0.0,0.0,0.0008056640508584678,0.0,0.0,0.0,1668050506.365832
335046796.0,0.0,0.0,0.0,0.0,0.0,0.0008056640508584678,0.0,0.0,0.0,1668050507.365817
336046893.0,0.0,0.0,0.0,0.0,0.0,0.0008056640508584678,0.0,0.0,0.0,1668050508.3659139
336884787.0,0.0,0.0,0.0,0.0,0.0,0.0008056640508584678,0.0,0.0,0.0,1668050509.203808
337884825.0,0.0,0.0,0.0,0.0,0.0,0.0008056640508584678,0.0,0.0,0.0,1668050510.203846
338884871.0,0.0,0.0,0.0,0.0,0.0,0.0008056640508584678,0.0,0.0,0.0,1668050511.203892
339884756.0,0.0,0.0,0.0,0.0,0.0,0.0008056640508584678,0.0,0.0,0.0,1668050512.203777
340884832.0,0.0,0.0,0.0,0.0,0.0,0.0008056640508584678,0.0,0.0,0.0,1668050513.203853
341884716.0,0.0,0.0,0.0,0.0,0.0,0.0008056640508584678,0.0,0.0,0.0,1668050514.203737
342884836.0,0.0,0.0,0.0,0.0,0.0,0.0008056640508584678,0.0,0.0,0.0,1668050515.203857
343884832.0,0.0,0.0,0.0,0.0,0.0,0.0008056640508584678,0.0,0.0,0.0,1668050516.203853
344884733.0,0.0,0.0,0.0,0.0,0.0,0.0008056640508584678,0.0,0.0,0.0,1668050517.203754
345884890.0,0.0,0.0,0.0,0.0,0.0,0.0008056640508584678,0.0,0.0,0.0,1668050518.203911
346884788.0,0.0,0.0,0.0,0.0,0.0,0.0008056640508584678,0.0,0.0,0.0,1668050519.203809
347886564.0,0.0,0.0,0.0,0.0,0.0,0.0008056640508584678,0.0,0.0,0.0,1668050520.205585
348886267.0,0.0,0.0,0.0,0.0,0.0,0.0008056640508584678,0.0,0.0,0.0,1668050521.205288
349886611.0,0.0,0.0,0.0,0.0,0.0,0.0008056640508584678,0.0,0.0,0.0,1668050522.205632
350886657.0,0.0,0.0,0.0,0.0,0.0,0.0008056640508584678,0.0,0.0,0.0,1668050523.205678
351886640.0,0.0,0.0,0.0,0.0,0.0,0.0008056640508584678,0.0,0.0,0.0,1668050524.205661
352886606.0,0.0,0.0,0.0,0.0,0.0,0.0008056640508584678,0.0,0.0,0.0,1668050525.205627
353886725.0,0.0,0.0,0.0,0.0,0.0,0.0008056640508584678,0.0,0.0,0.0,1668050526.205746
354886673.0,0.0,0.0,0.0,0.0,0.0,0.0008056640508584678,0.0,0.0,0.0,1668050527.205694
355886575.0,0.0,0.0,0.0,0.0,0.0,0.0008056640508584678,0.0,0.0,0.0,1668050528.205596
356886631.0,0.0,0.0,0.0,0.0,0.0,0.0008056640508584678,0.0,0.0,0.0,1668050529.205652
357886675.0,0.0,0.0,0.0,0.0,0.0,0.0008056640508584678,0.0,0.0,0.0,1668050530.2056959
358886645.0,0.0,0.0,0.0,0.0,0.0,0.0008056640508584678,0.0,0.0,0.0,1668050531.205666
359886633.0,0.0,0.0,0.0,0.0,0.0,0.0008056640508584678,0.0,0.0,0.0,1668050532.205654
360886668.0,0.0,0.0,0.0,0.0,0.0,0.0008056640508584678,0.0,0.0,0.0,1668050533.205689
361886703.0,0.0,0.0,0.0,0.0,0.0,0.0008056640508584678,0.0,0.0,0.0,1668050534.205724
362886747.0,0.0,0.0,0.0,0.0,0.0,0.0008056640508584678,0.0,0.0,0.0,1668050535.2057679
363886641.0,0.0,0.0,0.0,0.0,0.0,0.0008056640508584678,0.0,0.0,0.0,1668050536.205662
364886654.0,0.0,0.0,0.0,0.0,0.0,0.0008056640508584678,0.0,0.0,0.0,1668050537.205675
365886654.0,0.0,0.0,0.0,0.0,0.0,0.0008056640508584678,0.0,0.0,0.0,1668050538.205675
366886591.0,0.0,0.0,0.0,0.0,0.0,0.0008056640508584678,0.0,0.0,0.0,1668050539.205612
367886560.0,0.0,0.0,0.0,0.0,0.0,0.0008056640508584678,0.0,0.0,0.0,1668050540.205581
368886579.0,0.0,0.0,0.0,0.0,0.0,0.0008056640508584678,0.0,0.0,0.0,1668050541.2056
369886603.0,0.0,0.0,0.0,0.0,0.0,0.0008056640508584678,0.0,0.0,0.0,1668050542.205624
370886679.0,0.0,0.0,0.0,0.0,0.0,0.0008056640508584678,0.0,0.0,0.0,1668050543.2057
371886765.0,0.0,0.0,0.0,0.0,0.0,0.0008056640508584678,0.0,0.0,0.0,1668050544.205786
372887086.0,0.0,0.0,0.0,0.0,0.0,0.0008056640508584678,0.0,0.0,0.0,1668050545.206107
373887031.0,0.0,0.0,0.0,0.0,0.0,0.0008056640508584678,0.0,0.0,0.0,1668050546.206052
374887073.0,0.0,0.0,0.0,0.0,0.0,0.0008056640508584678,0.0,0.0,0.0,1668050547.206094
375886982.0,0.0,0.0,0.0,0.0,0.0,0.0008056640508584678,0.0,0.0,0.0,1668050548.206003
376887063.0,0.0,0.0,0.0,0.0,0.0,0.0008056640508584678,0.0,0.0,0.0,1668050549.206084
377886924.0,0.0,0.0,0.0,0.0,0.0,0.0008056640508584678,0.0,0.0,0.0,1668050550.205945
378887164.0,0.0,0.0,0.0,0.0,0.0,0.0008056640508584678,0.0,0.0,0.0,1668050551.206185
379886977.0,0.0,0.0,0.0,0.0,0.0,0.0008056640508584678,0.0,0.0,0.0,1668050552.205998
380887189.0,0.0,0.0,0.0,0.0,0.0,0.0008056640508584678,0.0,0.0,0.0,1668050553.20621
381886995.0,0.0,0.0,0.0,0.0,0.0,0.0008056640508584678,0.0,0.0,0.0,1668050554.206016
382887043.0,0.0,0.0,0.0,0.0,0.0,0.0008056640508584678,0.0,0.0,0.0,1668050555.206064
383887156.0,0.0,0.0,0.0,0.0,0.0,0.0008056640508584678,0.0,0.0,0.0,1668050556.206177
384887092.0,0.0,0.0,0.0,0.0,0.0,0.0008056640508584678,0.0,0.0,0.0,1668050557.206113
385887026.0,0.0,0.0,0.0,0.0,0.0,0.0008056640508584678,0.0,0.0,0.0,1668050558.206047
386887222.0,0.0,0.0,0.0,0.0,0.0,0.0008056640508584678,0.0,0.0,0.0,1668050559.206243
387887278.0,0.0,0.0,0.0,0.0,0.0,0.0008056640508584678,0.0,0.0,0.0,1668050560.206299
388887085.0,0.0,0.0,0.0,0.0,0.0,0.0008056640508584678,0.0,0.0,0.0,1668050561.206106
389887273.0,0.0,0.0,0.0,0.0,0.0,0.0008056640508584678,0.0,0.0,0.0,1668050562.206294
390887207.0,0.0,0.0,0.0,0.0,0.0,0.0008056640508584678,0.0,0.0,0.0,1668050563.206228
391887307.0,0.0,0.0,0.0,0.0,0.0,0.0008056640508584678,0.0,0.0,0.0,1668050564.206328
392887311.0,0.0,0.0,0.0,0.0,0.0,0.0008056640508584678,0.0,0.0,0.0,1668050565.206332
393887171.0,0.0,0.0,0.0,0.0,0.0,0.0008056640508584678,0.0,0.0,0.0,1668050566.206192
394887171.0,0.0,0.0,0.0,0.0,0.0,0.0008056640508584678,0.0,0.0,0.0,1668050567.206192
395887212.0,0.0,0.0,0.0,0.0,0.0,0.0008056640508584678,0.0,0.0,0.0,1668050568.206233
396887482.0,0.0,0.0,0.0,0.0,0.0,0.0008056640508584678,0.0,0.0,0.0,1668050569.206503
397887303.0,0.0,0.0,0.0,0.0,0.0,0.0008056640508584678,0.0,0.0,0.0,1668050570.206324
398889823.0,0.0,0.0,0.0,0.0,0.0,0.0008056640508584678,0.0,0.0,0.0,1668050571.208844
399889638.0,0.0,0.0,0.0,0.0,0.0,0.0008056640508584678,0.0,0.0,0.0,1668050572.208659
400889904.0,0.0,0.0,0.0,0.0,0.0,0.0008056640508584678,0.0,0.0,0.0,1668050573.208925
401889390.0,0.0,0.0,0.0,0.0,0.0,0.0008056640508584678,0.0,0.0,0.0,1668050574.208411
402889623.0,0.0,0.0,0.0,0.0,0.0,0.0008056640508584678,0.0,0.0,0.0,1668050575.208644
403889590.0,0.0,0.0,0.0,0.0,0.0,0.0008056640508584678,0.0,0.0,0.0,1668050576.208611
404889424.0,0.0,0.0,0.0,0.0,0.0,0.0008056640508584678,0.0,0.0,0.0,1668050577.208445
405889339.0,0.0,0.0,0.0,0.0,0.0,0.0008056640508584678,0.0,0.0,0.0,1668050578.20836
406889351.0,0.0,0.0,0.0,0.0,0.0,0.0008056640508584678,0.0,0.0,0.0,1668050579.2083719
407889466.0,0.0,0.0,0.0,0.0,0.0,0.0008056640508584678,0.0,0.0,0.0,1668050580.208487
408889640.0,0.0,0.0,0.0,0.0,0.0,0.0008056640508584678,0.0,0.0,0.0,1668050581.208661
409889578.0,0.0,0.0,0.0,0.0,0.0,0.0008056640508584678,0.0,0.0,0.0,1668050582.208599
410889272.0,0.0,0.0,0.0,0.0,0.0,0.0008056640508584678,0.0,0.0,0.0,1668050583.208293
411889367.0,0.0,0.0,0.0,0.0,0.0,0.0008056640508584678,0.0,0.0,0.0,1668050584.208388
412889566.0,0.0,0.0,0.0,0.0,0.0,0.0008056640508584678,0.0,0.0,0.0,1668050585.208587
413889411.0,0.0,0.0,0.0,0.0,0.0,0.0008056640508584678,0.0,0.0,0.0,1668050586.208432
414889374.0,0.0,0.0,0.0,0.0,0.0,0.0008056640508584678,0.0,0.0,0.0,1668050587.208395
415889540.0,0.0,0.0,0.0,0.0,0.0,0.0008056640508584678,0.0,0.0,0.0,1668050588.208561
416889411.0,0.0,0.0,0.0,0.0,0.0,0.0008056640508584678,0.0,0.0,0.0,1668050589.208432
417889363.0,0.0,0.0,0.0,0.0,0.0,0.0008056640508584678,0.0,0.0,0.0,1668050590.208384
418889623.0,0.0,0.0,0.0,0.0,0.0,0.0008056640508584678,0.0,0.0,0.0,1668050591.208644
419890062.0,0.0,0.0,0.0,0.0,0.0,0.0008056640508584678,0.0,0.0,0.0,1668050592.209083
420889533.0,0.0,0.0,0.0,0.0,0.0,0.0008056640508584678,0.0,0.0,0.0,1668050593.208554
421889398.0,0.0,0.0,0.0,0.0,0.0,0.0008056640508584678,0.0,0.0,0.0,1668050594.208419
422889366.0,0.0,0.0,0.0,0.0,0.0,0.0008056640508584678,0.0,0.0,0.0,1668050595.208387
423889310.0,0.0,0.0,0.0,0.0,0.0,0.0008056640508584678,0.0,0.0,0.0,1668050596.2083309
424889400.0,0.0,0.0,0.0,0.0,0.0,0.0008056640508584678,0.0,0.0,0.0,1668050597.208421
425889444.0,0.0,0.0,0.0,0.0,0.0,0.0008056640508584678,0.0,0.0,0.0,1668050598.208465
426889397.0,0.0,0.0,0.0,0.0,0.0,0.0008056640508584678,0.0,0.0,0.0,1668050599.208418
427889601.0,0.0,0.0,0.0,0.0,0.0,0.0008056640508584678,0.0,0.0,0.0,1668050600.208622
428889377.0,0.0,0.0,0.0,0.0,0.0,0.0008056640508584678,0.0,0.0,0.0,1668050601.208398
429889485.0,0.0,0.0,0.0,0.0,0.0,0.0008056640508584678,0.0,0.0,0.0,1668050602.2085059
430889478.0,0.0,0.0,0.0,0.0,0.0,0.0008056640508584678,0.0,0.0,0.0,1668050603.208499
431889314.0,0.0,0.0,0.0,0.0,0.0,0.0008056640508584678,0.0,0.0,0.0,1668050604.208335
432889293.0,0.0,0.0,0.0,0.0,0.0,0.0008056640508584678,0.0,0.0,0.0,1668050605.208314
433889547.0,0.0,0.0,0.0,0.0,0.0,0.0008056640508584678,0.0,0.0,0.0,1668050606.208568
434889422.0,0.0,0.0,0.0,0.0,0.0,0.0008056640508584678,0.0,0.0,0.0,1668050607.208443
435889403.0,0.0,0.0,0.0,0.0,0.0,0.0008056640508584678,0.0,0.0,0.0,1668050608.208424
436889482.0,0.0,0.0,0.0,0.0,0.0,0.0008056640508584678,0.0,0.0,0.0,1668050609.208503
437889362.0,0.0,0.0,0.0,0.0,0.0,0.0008056640508584678,0.0,0.0,0.0,1668050610.208383
438889530.0,0.0,0.0,0.0,0.0,0.0,0.0008056640508584678,0.0,0.0,0.0,1668050611.208551
439889372.0,0.0,0.0,0.0,0.0,0.0,0.0008056640508584678,0.0,0.0,0.0,1668050612.208393
440889481.0,0.0,0.0,0.0,0.0,0.0,0.0008056640508584678,0.0,0.0,0.0,1668050613.208502
441889379.0,0.0,0.0,0.0,0.0,0.0,0.0008056640508584678,0.0,0.0,0.0,1668050614.2084
442889398.0,0.0,0.0,0.0,0.0,0.0,0.0008056640508584678,0.0,0.0,0.0,1668050615.208419
443889390.0,0.0,0.0,0.0,0.0,0.0,0.0008056640508584678,0.0,0.0,0.0,1668050616.208411
444889308.0,0.0,0.0,0.0,0.0,0.0,0.0008056640508584678,0.0,0.0,0.0,1668050617.208329
445889564.0,0.0,0.0,0.0,0.0,0.0,0.0008056640508584678,0.0,0.0,0.0,1668050618.208585
446889355.0,0.0,0.0,0.0,0.0,0.0,0.0008056640508584678,0.0,0.0,0.0,1668050619.208376
447889356.0,0.0,0.0,0.0,0.0,0.0,0.0008056640508584678,0.0,0.0,0.0,1668050620.208377
448889424.0,0.0,0.0,0.0,0.0,0.0,0.0008056640508584678,0.0,0.0,0.0,1668050621.208445
449889288.0,0.0,0.0,0.0,0.0,0.0,0.0008056640508584678,0.0,0.0,0.0,1668050622.208309
450889296.0,0.0,0.0,0.0,0.0,0.0,0.0008056640508584678,0.0,0.0,0.0,1668050623.208317
451889384.0,0.0,0.0,0.0,0.0,0.0,0.0008056640508584678,0.0,0.0,0.0,1668050624.208405
452889360.0,0.0,0.0,0.0,0.0,0.0,0.0008056640508584678,0.0,0.0,0.0,1668050625.208381
453889407.0,0.0,0.0,0.0,0.0,0.0,0.0008056640508584678,0.0,0.0,0.0,1668050626.208428
454889651.0,0.0,0.0,0.0,0.0,0.0,0.0008056640508584678,0.0,0.0,0.0,1668050627.208672
455889312.0,0.0,0.0,0.0,0.0,0.0,0.0008056640508584678,0.0,0.0,0.0,1668050628.208333
456889327.0,0.0,0.0,0.0,0.0,0.0,0.0008056640508584678,0.0,0.0,0.0,1668050629.208348
457889353.0,0.0,0.0,0.0,0.0,0.0,0.0008056640508584678,0.0,0.0,0.0,1668050630.208374
458889340.0,0.0,0.0,0.0,0.0,0.0,0.0008056640508584678,0.0,0.0,0.0,1668050631.208361
459889389.0,0.0,0.0,0.0,0.0,0.0,0.0008056640508584678,0.0,0.0,0.0,1668050632.20841
460889589.0,0.0,0.0,0.0,0.0,0.0,0.0008056640508584678,0.0,0.0,0.0,1668050633.20861
461889327.0,0.0,0.0,0.0,0.0,0.0,0.0008056640508584678,0.0,0.0,0.0,1668050634.208348
462889374.0,0.0,0.0,0.0,0.0,0.0,0.0008056640508584678,0.0,0.0,0.0,1668050635.208395
463889546.0,0.0,0.0,0.0,0.0,0.0,0.0008056640508584678,0.0,0.0,0.0,1668050636.208567
464889403.0,0.0,0.0,0.0,0.0,0.0,0.0008056640508584678,0.0,0.0,0.0,1668050637.208424
465889517.0,0.0,0.0,0.0,0.0,0.0,0.0008056640508584678,0.0,0.0,0.0,1668050638.208538
466889372.0,0.0,0.0,0.0,0.0,0.0,0.0008056640508584678,0.0,0.0,0.0,1668050639.208393
467889401.0,0.0,0.0,0.0,0.0,0.0,0.0008056640508584678,0.0,0.0,0.0,1668050640.208422
468889484.0,0.0,0.0,0.0,0.0,0.0,0.0008056640508584678,0.0,0.0,0.0,1668050641.208505
469889393.0,0.0,0.0,0.0,0.0,0.0,0.0008056640508584678,0.0,0.0,0.0,1668050642.208414
470889259.0,0.0,0.0,0.0,0.0,0.0,0.0008056640508584678,0.0,0.0,0.0,1668050643.20828
471889346.0,0.0,0.0,0.0,0.0,0.0,0.0008056640508584678,0.0,0.0,0.0,1668050644.2083669
472889580.0,0.0,0.0,0.0,0.0,0.0,0.0008056640508584678,0.0,0.0,0.0,1668050645.208601
473889345.0,0.0,0.0,0.0,0.0,0.0,0.0008056640508584678,0.0,0.0,0.0,1668050646.208366
474889339.0,0.0,0.0,0.0,0.0,0.0,0.0008056640508584678,0.0,0.0,0.0,1668050647.20836
475889442.0,0.0,0.0,0.0,0.0,0.0,0.0008056640508584678,0.0,0.0,0.0,1668050648.208463
476889283.0,0.0,0.0,0.0,0.0,0.0,0.0008056640508584678,0.0,0.0,0.0,1668050649.208304
477889344.0,0.0,0.0,0.0,0.0,0.0,0.0008056640508584678,0.0,0.0,0.0,1668050650.208365
478889322.0,0.0,0.0,0.0,0.0,0.0,0.0008056640508584678,0.0,0.0,0.0,1668050651.208343
479889423.0,0.0,0.0,0.0,0.0,0.0,0.0008056640508584678,0.0,0.0,0.0,1668050652.2084439
480889373.0,0.0,0.0,0.0,0.0,0.0,0.0008056640508584678,0.0,0.0,0.0,1668050653.208394
481889565.0,0.0,0.0,0.0,0.0,0.0,0.0008056640508584678,0.0,0.0,0.0,1668050654.208586
482889319.0,0.0,0.0,0.0,0.0,0.0,0.0008056640508584678,0.0,0.0,0.0,1668050655.20834
483889375.0,0.0,0.0,0.0,0.0,0.0,0.0008056640508584678,0.0,0.0,0.0,1668050656.208396
484889327.0,0.0,0.0,0.0,0.0,0.0,0.0008056640508584678,0.0,0.0,0.0,1668050657.208348
485889361.0,0.0,0.0,0.0,0.0,0.0,0.0008056640508584678,0.0,0.0,0.0,1668050658.208382
486889294.0,0.0,0.0,0.0,0.0,0.0,0.0008056640508584678,0.0,0.0,0.0,1668050659.208315
487889412.0,0.0,0.0,0.0,0.0,0.0,0.0008056640508584678,0.0,0.0,0.0,1668050660.208433
488889338.0,0.0,0.0,0.0,0.0,0.0,0.0008056640508584678,0.0,0.0,0.0,1668050661.208359
489889364.0,0.0,0.0,0.0,0.0,0.0,0.0008056640508584678,0.0,0.0,0.0,1668050662.208385
490890153.0,0.0,0.0,0.0,0.0,0.0,0.0008056640508584678,0.0,0.0,0.0,1668050663.209174
491889452.0,0.0,0.0,0.0,0.0,0.0,0.0008056640508584678,0.0,0.0,0.0,1668050664.208473
492889346.0,0.0,0.0,0.0,0.0,0.0,0.0008056640508584678,0.0,0.0,0.0,1668050665.2083669
493889336.0,0.0,0.0,0.0,0.0,0.0,0.0008056640508584678,0.0,0.0,0.0,1668050666.208357
494889396.0,0.0,0.0,0.0,0.0,0.0,0.0008056640508584678,0.0,0.0,0.0,1668050667.208417
495889882.0,0.0,0.0,0.0,0.0,0.0,0.0008056640508584678,0.0,0.0,0.0,1668050668.208903
496889444.0,0.0,0.0,0.0,0.0,0.0,0.0008056640508584678,0.0,0.0,0.0,1668050669.208465
497889321.0,0.0,0.0,0.0,0.0,0.0,0.0008056640508584678,0.0,0.0,0.0,1668050670.208342
498889360.0,0.0,0.0,0.0,0.0,0.0,0.0008056640508584678,0.0,0.0,0.0,1668050671.208381
499890055.0,0.0,0.0,0.0,0.0,0.0,0.0008056640508584678,0.0,0.0,0.0,1668050672.209076
500726575.0,0.0,0.0,0.0,0.0,0.0,0.0008056640508584678,0.0,0.0,0.0,1668050673.045596
501726679.0,0.0,0.0,0.0,0.0,0.0,0.0008056640508584678,0.0,0.0,0.0,1668050674.0457
502726643.0,0.0,0.0,0.0,0.0,0.0,0.0008056640508584678,0.0,0.0,0.0,1668050675.045664
503726640.0,0.0,0.0,0.0,0.0,0.0,0.0008056640508584678,0.0,0.0,0.0,1668050676.045661
504726978.0,0.0,0.0,0.0,0.0,0.0,0.0008056640508584678,0.0,0.0,0.0,1668050677.045999
505726743.0,0.0,0.0,0.0,0.0,0.0,0.0008056640508584678,0.0,0.0,0.0,1668050678.045764
506726619.0,0.0,0.0,0.0,0.0,0.0,0.0008056640508584678,0.0,0.0,0.0,1668050679.04564
507726590.0,0.0,0.0,0.0,0.0,0.0,0.0008056640508584678,0.0,0.0,0.0,1668050680.045611
508726690.0,0.0,0.0,0.0,0.0,0.0,0.0008056640508584678,0.0,0.0,0.0,1668050681.045711
509726694.0,0.0,0.0,0.0,0.0,0.0,0.0008056640508584678,0.0,0.0,0.0,1668050682.045715
510726641.0,0.0,0.0,0.0,0.0,0.0,0.0008056640508584678,0.0,0.0,0.0,1668050683.045662
511726656.0,0.0,0.0,0.0,0.0,0.0,0.0008056640508584678,0.0,0.0,0.0,1668050684.045677
512726654.0,0.0,0.0,0.0,0.0,0.0,0.0008056640508584678,0.0,0.0,0.0,1668050685.045675
513726685.0,0.0,0.0,0.0,0.0,0.0,0.0008056640508584678,0.0,0.0,0.0,1668050686.045706
514726706.0,0.0,0.0,0.0,0.0,0.0,0.0008056640508584678,0.0,0.0,0.0,1668050687.045727
515726753.0,0.0,0.0,0.0,0.0,0.0,0.0008056640508584678,0.0,0.0,0.0,1668050688.045774
516726593.0,0.0,0.0,0.0,0.0,0.0,0.0008056640508584678,0.0,0.0,0.0,1668050689.045614
517726662.0,0.0,0.0,0.0,0.0,0.0,0.0008056640508584678,0.0,0.0,0.0,1668050690.045683
518726761.0,0.0,0.0,0.0,0.0,0.0,0.0008056640508584678,0.0,0.0,0.0,1668050691.045782
519726697.0,0.0,0.0,0.0,0.0,0.0,0.0008056640508584678,0.0,0.0,0.0,1668050692.045718
520726569.0,0.0,0.0,0.0,0.0,0.0,0.0008056640508584678,0.0,0.0,0.0,1668050693.04559
521742878.0,0.0,0.0,0.0,0.0,0.0,0.0008056640508584678,0.0,0.0,0.0,1668050694.061899
522742740.0,0.0,0.0,0.0,0.0,0.0,0.0008056640508584678,0.0,0.0,0.0,1668050695.061761
523742842.0,0.0,0.0,0.0,0.0,0.0,0.0008056640508584678,0.0,0.0,0.0,1668050696.061863
524742729.0,0.0,0.0,0.0,0.0,0.0,0.0008056640508584678,0.0,0.0,0.0,1668050697.06175
525742812.0,0.0,0.0,0.0,0.0,0.0,0.0008056640508584678,0.0,0.0,0.0,1668050698.061833
526742729.0,0.0,0.0,0.0,0.0,0.0,0.0008056640508584678,0.0,0.0,0.0,1668050699.06175
527742861.0,0.0,0.0,0.0,0.0,0.0,0.0008056640508584678,0.0,0.0,0.0,1668050700.061882
528742837.0,0.0,0.0,0.0,0.0,0.0,0.0008056640508584678,0.0,0.0,0.0,1668050701.061858
529742721.0,0.0,0.0,0.0,0.0,0.0,0.0008056640508584678,0.0,0.0,0.0,1668050702.061742
530742817.0,0.0,0.0,0.0,0.0,0.0,0.0008056640508584678,0.0,0.0,0.0,1668050703.061838
531742722.0,0.0,0.0,0.0,0.0,0.0,0.0008056640508584678,0.0,0.0,0.0,1668050704.061743
532742921.0,0.0,0.0,0.0,0.0,0.0,0.0008056640508584678,0.0,0.0,0.0,1668050705.061942
533742875.0,0.0,0.0,0.0,0.0,0.0,0.0008056640508584678,0.0,0.0,0.0,1668050706.061896
534742843.0,0.0,0.0,0.0,0.0,0.0,0.0008056640508584678,0.0,0.0,0.0,1668050707.061864
535742701.0,0.0,0.0,0.0,0.0,0.0,0.0008056640508584678,0.0,0.0,0.0,1668050708.061722
739582884.0,0.0,0.0,0.0,0.0,0.0,0.0008056640508584678,0.0,0.0,0.0,1668050911.901905
740582948.0,0.0,0.0,0.0,0.0,0.0,0.0008056640508584678,0.0,0.0,0.0,1668050912.901969
741582977.0,0.0,0.0,0.0,0.0,0.0,0.0008056640508584678,0.0,0.0,0.0,1668050913.901998
742583003.0,0.0,0.0,0.0,0.0,0.0,0.0008056640508584678,0.0,0.0,0.0,1668050914.902024
743583055.0,0.0,0.0,0.0,0.0,0.0,0.0008056640508584678,0.0,0.0,0.0,1668050915.902076
744583009.0,0.0,0.0,0.0,0.0,0.0,0.0008056640508584678,0.0,0.0,0.0,1668050916.90203
745582881.0,0.0,0.0,0.0,0.0,0.0,0.0008056640508584678,0.0,0.0,0.0,1668050917.901902
746582897.0,0.0,0.0,0.0,0.0,0.0,0.0008056640508584678,0.0,0.0,0.0,1668050918.901918
747582952.0,0.0,0.0,0.0,0.0,0.0,0.0008056640508584678,0.0,0.0,0.0,1668050919.901973
748582876.0,0.0,0.0,0.0,0.0,0.0,0.0008056640508584678,0.0,0.0,0.0,1668050920.901897
749583182.0,0.0,0.0,0.0,0.0,0.0,0.0008056640508584678,0.0,0.0,0.0,1668050921.902203
750582945.0,0.0,0.0,0.0,0.0,0.0,0.0008056640508584678,0.0,0.0,0.0,1668050922.901966
751582942.0,0.0,0.0,0.0,0.0,0.0,0.0008056640508584678,0.0,0.0,0.0,1668050923.901963
752583017.0,0.0,0.0,0.0,0.0,0.0,0.0008056640508584678,0.0,0.0,0.0,1668050924.902038
753583019.0,0.0,0.0,0.0,0.0,0.0,0.0008056640508584678,0.0,0.0,0.0,1668050925.90204
754582968.0,0.0,0.0,0.0,0.0,0.0,0.0008056640508584678,0.0,0.0,0.0,1668050926.901989
755582953.0,0.0,0.0,0.0,0.0,0.0,0.0008056640508584678,0.0,0.0,0.0,1668050927.901974
756582884.0,0.0,0.0,0.0,0.0,0.0,0.0008056640508584678,0.0,0.0,0.0,1668050928.901905
757583151.0,0.0,0.0,0.0,0.0,0.0,0.0008056640508584678,0.0,0.0,0.0,1668050929.902172
758583053.0,0.0,0.0,0.0,0.0,0.0,0.0008056640508584678,0.0,0.0,0.0,1668050930.902074
759582902.0,0.0,0.0,0.0,0.0,0.0,0.0008056640508584678,0.0,0.0,0.0,1668050931.901923
760582977.0,0.0,0.0,0.0,0.0,0.0,0.0008056640508584678,0.0,0.0,0.0,1668050932.901998
761583218.0,0.0,0.0,0.0,0.0,0.0,0.0008056640508584678,0.0,0.0,0.0,1668050933.902239
762582941.0,0.0,0.0,0.0,0.0,0.0,0.0008056640508584678,0.0,0.0,0.0,1668050934.901962
763583095.0,0.0,0.0,0.0,0.0,0.0,0.0008056640508584678,0.0,0.0,0.0,1668050935.902116
764583067.0,0.0,0.0,0.0,0.0,0.0,0.0008056640508584678,0.0,0.0,0.0,1668050936.902088
765582892.0,0.0,0.0,0.0,0.0,0.0,0.0008056640508584678,0.0,0.0,0.0,1668050937.901913
766582933.0,0.0,0.0,0.0,0.0,0.0,0.0008056640508584678,0.0,0.0,0.0,1668050938.901954
767582970.0,0.0,0.0,0.0,0.0,0.0,0.0008056640508584678,0.0,0.0,0.0,1668050939.901991
768583095.0,0.0,0.0,0.0,0.0,0.0,0.0008056640508584678,0.0,0.0,0.0,1668050940.902116
769582949.0,0.0,0.0,0.0,0.0,0.0,0.0008056640508584678,0.0,0.0,0.0,1668050941.90197
770583219.0,0.0,0.0,0.0,0.0,0.0,0.0008056640508584678,0.0,0.0,0.0,1668050942.90224
771582892.0,0.0,0.0,0.0,0.0,0.0,0.0008056640508584678,0.0,0.0,0.0,1668050943.901913
772582939.0,0.0,0.0,0.0,0.0,0.0,0.0008056640508584678,0.0,0.0,0.0,1668050944.90196
773582818.0,0.0,0.0,0.0,0.0,0.0,0.0008056640508584678,0.0,0.0,0.0,1668050945.901839
774583042.0,0.0,0.0,0.0,0.0,0.0,0.0008056640508584678,0.0,0.0,0.0,1668050946.902063
775582917.0,0.0,0.0,0.0,0.0,0.0,0.0008056640508584678,0.0,0.0,0.0,1668050947.901938
776582964.0,0.0,0.0,0.0,0.0,0.0,0.0008056640508584678,0.0,0.0,0.0,1668050948.901985
777582932.0,0.0,0.0,0.0,0.0,0.0,0.0008056640508584678,0.0,0.0,0.0,1668050949.901953
778583095.0,0.0,0.0,0.0,0.0,0.0,0.0008056640508584678,0.0,0.0,0.0,1668050950.902116
779583076.0,0.0,0.0,0.0,0.0,0.0,0.0008056640508584678,0.0,0.0,0.0,1668050951.902097
780582904.0,0.0,0.0,0.0,0.0,0.0,0.0008056640508584678,0.0,0.0,0.0,1668050952.901925
781583105.0,0.0,0.0,0.0,0.0,0.0,0.0008056640508584678,0.0,0.0,0.0,1668050953.902126
782582937.0,0.0,0.0,0.0,0.0,0.0,0.0008056640508584678,0.0,0.0,0.0,1668050954.901958
783583083.0,0.0,0.0,0.0,0.0,0.0,0.0008056640508584678,0.0,0.0,0.0,1668050955.902104
784583170.0,0.0,0.0,0.0,0.0,0.0,0.0008056640508584678,0.0,0.0,0.0,1668050956.902191
785583060.0,0.0,0.0,0.0,0.0,0.0,0.0008056640508584678,0.0,0.0,0.0,1668050957.902081
786582992.0,0.0,0.0,0.0,0.0,0.0,0.0008056640508584678,0.0,0.0,0.0,1668050958.902013
787582984.0,0.0,0.0,0.0,0.0,0.0,0.0008056640508584678,0.0,0.0,0.0,1668050959.902005
788583216.0,0.0,0.0,0.0,0.0,0.0,0.0008056640508584678,0.0,0.0,0.0,1668050960.902237
789583016.0,0.0,0.0,0.0,0.0,0.0,0.0008056640508584678,0.0,0.0,0.0,1668050961.902037
790583218.0,0.0,0.0,0.0,0.0,0.0,0.0008056640508584678,0.0,0.0,0.0,1668050962.902239
791583169.0,0.0,0.0,0.0,0.0,0.0,0.0008056640508584678,0.0,0.0,0.0,1668050963.90219
792582951.0,0.0,0.0,0.0,0.0,0.0,0.0008056640508584678,0.0,0.0,0.0,1668050964.901972
793582911.0,0.0,0.0,0.0,0.0,0.0,0.0008056640508584678,0.0,0.0,0.0,1668050965.901932
794583092.0,0.0,0.0,0.0,0.0,0.0,0.0008056640508584678,0.0,0.0,0.0,1668050966.902113
795582973.0,0.0,0.0,0.0,0.0,0.0,0.0008056640508584678,0.0,0.0,0.0,1668050967.901994
796583049.0,0.0,0.0,0.0,0.0,0.0,0.0008056640508584678,0.0,0.0,0.0,1668050968.90207
797583172.0,0.0,0.0,0.0,0.0,0.0,0.0008056640508584678,0.0,0.0,0.0,1668050969.902193
798582891.0,0.0,0.0,0.0,0.0,0.0,0.0008056640508584678,0.0,0.0,0.0,1668050970.901912
799583002.0,0.0,0.0,0.0,0.0,0.0,0.0008056640508584678,0.0,0.0,0.0,1668050971.902023
800583158.0,0.0,0.0,0.0,0.0,0.0,0.0008056640508584678,0.0,0.0,0.0,1668050972.902179
801582927.0,0.0,0.0,0.0,0.0,0.0,0.0008056640508584678,0.0,0.0,0.0,1668050973.901948
802582956.0,0.0,0.0,0.0,0.0,0.0,0.0008056640508584678,0.0,0.0,0.0,1668050974.901977
803582998.0,0.0,0.0,0.0,0.0,0.0,0.0008056640508584678,0.0,0.0,0.0,1668050975.902019
804582926.0,0.0,0.0,0.0,0.0,0.0,0.0008056640508584678,0.0,0.0,0.0,1668050976.901947
805583152.0,0.0,0.0,0.0,0.0,0.0,0.0008056640508584678,0.0,0.0,0.0,1668050977.902173
806583206.0,0.0,0.0,0.0,0.0,0.0,0.0008056640508584678,0.0,0.0,0.0,1668050978.902227
807582989.0,0.0,0.0,0.0,0.0,0.0,0.0008056640508584678,0.0,0.0,0.0,1668050979.90201
808582949.0,0.0,0.0,0.0,0.0,0.0,0.0008056640508584678,0.0,0.0,0.0,1668050980.90197
809582957.0,0.0,0.0,0.0,0.0,0.0,0.0008056640508584678,0.0,0.0,0.0,1668050981.901978
810582940.0,0.0,0.0,0.0,0.0,0.0,0.0008056640508584678,0.0,0.0,0.0,1668050982.901961
811583172.0,0.0,0.0,0.0,0.0,0.0,0.0008056640508584678,0.0,0.0,0.0,1668050983.902193
812582963.0,0.0,0.0,0.0,0.0,0.0,0.0008056640508584678,0.0,0.0,0.0,1668050984.901984
813582930.0,0.0,0.0,0.0,0.0,0.0,0.0008056640508584678,0.0,0.0,0.0,1668050985.901951
814583093.0,0.0,0.0,0.0,0.0,0.0,0.0008056640508584678,0.0,0.0,0.0,1668050986.902114
815583033.0,0.0,0.0,0.0,0.0,0.0,0.0008056640508584678,0.0,0.0,0.0,1668050987.902054
816583091.0,0.0,0.0,0.0,0.0,0.0,0.0008056640508584678,0.0,0.0,0.0,1668050988.902112
817582913.0,0.0,0.0,0.0,0.0,0.0,0.0008056640508584678,0.0,0.0,0.0,1668050989.901934
818583109.0,0.0,0.0,0.0,0.0,0.0,0.0008056640508584678,0.0,0.0,0.0,1668050990.90213
819583050.0,0.0,0.0,0.0,0.0,0.0,0.0008056640508584678,0.0,0.0,0.0,1668050991.902071
820583092.0,0.0,0.0,0.0,0.0,0.0,0.0008056640508584678,0.0,0.0,0.0,1668050992.902113
821583075.0,0.0,0.0,0.0,0.0,0.0,0.0008056640508584678,0.0,0.0,0.0,1668050993.902096
822582981.0,0.0,0.0,0.0,0.0,0.0,0.0008056640508584678,0.0,0.0,0.0,1668050994.902002
823583086.0,0.0,0.0,0.0,0.0,0.0,0.0008056640508584678,0.0,0.0,0.0,1668050995.902107
824583008.0,0.0,0.0,0.0,0.0,0.0,0.0008056640508584678,0.0,0.0,0.0,1668050996.902029
825583008.0,0.0,0.0,0.0,0.0,0.0,0.0008056640508584678,0.0,0.0,0.0,1668050997.902029
826582990.0,0.0,0.0,0.0,0.0,0.0,0.0008056640508584678,0.0,0.0,0.0,1668050998.902011
827583090.0,0.0,0.0,0.0,0.0,0.0,0.0008056640508584678,0.0,0.0,0.0,1668050999.902111
828422627.0,0.0,0.0,0.0,0.0,0.0,0.0008056640508584678,0.0,0.0,0.0,1668051000.741648
829422586.0,0.0,0.0,0.0,0.0,0.0,0.0008056640508584678,0.0,0.0,0.0,1668051001.741607
830422586.0,0.0,0.0,0.0,0.0,0.0,0.0008056640508584678,0.0,0.0,0.0,1668051002.741607
831422767.0,0.0,0.0,0.0,0.0,0.0,0.0008056640508584678,0.0,0.0,0.0,1668051003.741788
832422779.0,0.0,0.0,0.0,0.0,0.0,0.0008056640508584678,0.0,0.0,0.0,1668051004.7418
833422743.0,0.0,0.0,0.0,0.0,0.0,0.0008056640508584678,0.0,0.0,0.0,1668051005.741764
834422726.0,0.0,0.0,0.0,0.0,0.0,0.0008056640508584678,0.0,0.0,0.0,1668051006.741747
835422663.0,0.0,0.0,0.0,0.0,0.0,0.0008056640508584678,0.0,0.0,0.0,1668051007.741684
836422681.0,0.0,0.0,0.0,0.0,0.0,0.0008056640508584678,0.0,0.0,0.0,1668051008.741702
837422771.0,0.0,0.0,0.0,0.0,0.0,0.0008056640508584678,0.0,0.0,0.0,1668051009.741792
838422716.0,0.0,0.0,0.0,0.0,0.0,0.0008056640508584678,0.0,0.0,0.0,1668051010.741737
839422686.0,0.0,0.0,0.0,0.0,0.0,0.0008056640508584678,0.0,0.0,0.0,1668051011.741707
840422886.0,0.0,0.0,0.0,0.0,0.0,0.0008056640508584678,0.0,0.0,0.0,1668051012.741907
841422752.0,0.0,0.0,0.0,0.0,0.0,0.0008056640508584678,0.0,0.0,0.0,1668051013.741773
842422695.0,0.0,0.0,0.0,0.0,0.0,0.0008056640508584678,0.0,0.0,0.0,1668051014.741716
843422709.0,0.0,0.0,0.0,0.0,0.0,0.0008056640508584678,0.0,0.0,0.0,1668051015.74173
844422745.0,0.0,0.0,0.0,0.0,0.0,0.0008056640508584678,0.0,0.0,0.0,1668051016.741766
845422720.0,0.0,0.0,0.0,0.0,0.0,0.0008056640508584678,0.0,0.0,0.0,1668051017.741741
846422685.0,0.0,0.0,0.0,0.0,0.0,0.0008056640508584678,0.0,0.0,0.0,1668051018.741706
847422835.0,0.0,0.0,0.0,0.0,0.0,0.0008056640508584678,0.0,0.0,0.0,1668051019.741856
848422743.0,0.0,0.0,0.0,0.0,0.0,0.0008056640508584678,0.0,0.0,0.0,1668051020.741764
849422794.0,0.0,0.0,0.0,0.0,0.0,0.0008056640508584678,0.0,0.0,0.0,1668051021.741815
850422883.0,0.0,0.0,0.0,0.0,0.0,0.0008056640508584678,0.0,0.0,0.0,1668051022.741904
851422788.0,0.0,0.0,0.0,0.0,0.0,0.0008056640508584678,0.0,0.0,0.0,1668051023.741809
852422734.0,0.0,0.0,0.0,0.0,0.0,0.0008056640508584678,0.0,0.0,0.0,1668051024.741755
853422844.0,0.0,0.0,0.0,0.0,0.0,0.0008056640508584678,0.0,0.0,0.0,1668051025.741865
854422736.0,0.0,0.0,0.0,0.0,0.0,0.0008056640508584678,0.0,0.0,0.0,1668051026.741757
855422730.0,0.0,0.0,0.0,0.0,0.0,0.0008056640508584678,0.0,0.0,0.0,1668051027.741751
856422747.0,0.0,0.0,0.0,0.0,0.0,0.0008056640508584678,0.0,0.0,0.0,1668051028.741768
857422707.0,0.0,0.0,0.0,0.0,0.0,0.0008056640508584678,0.0,0.0,0.0,1668051029.741728
858422690.0,0.0,0.0,0.0,0.0,0.0,0.0008056640508584678,0.0,0.0,0.0,1668051030.741711
859422681.0,0.0,0.0,0.0,0.0,0.0,0.0008056640508584678,0.0,0.0,0.0,1668051031.741702
860423099.0,0.0,0.0,0.0,0.0,0.0,0.0008056640508584678,0.0,0.0,0.0,1668051032.74212
861422876.0,0.0,0.0,0.0,0.0,0.0,0.0008056640508584678,0.0,0.0,0.0,1668051033.7418969
862422936.0,0.0,0.0,0.0,0.0,0.0,0.0008056640508584678,0.0,0.0,0.0,1668051034.741957
863422852.0,0.0,0.0,0.0,0.0,0.0,0.0008056640508584678,0.0,0.0,0.0,1668051035.741873
864422799.0,0.0,0.0,0.0,0.0,0.0,0.0008056640508584678,0.0,0.0,0.0,1668051036.74182
865422906.0,0.0,0.0,0.0,0.0,0.0,0.0008056640508584678,0.0,0.0,0.0,1668051037.741927
866422954.0,0.0,0.0,0.0,0.0,0.0,0.0008056640508584678,0.0,0.0,0.0,1668051038.741975
867422781.0,0.0,0.0,0.0,0.0,0.0,0.0008056640508584678,0.0,0.0,0.0,1668051039.741802
868422805.0,0.0,0.0,0.0,0.0,0.0,0.0008056640508584678,0.0,0.0,0.0,1668051040.741826
869422840.0,0.0,0.0,0.0,0.0,0.0,0.0008056640508584678,0.0,0.0,0.0,1668051041.741861
870423014.0,0.0,0.0,0.0,0.0,0.0,0.0008056640508584678,0.0,0.0,0.0,1668051042.742035
871422883.0,0.0,0.0,0.0,0.0,0.0,0.0008056640508584678,0.0,0.0,0.0,1668051043.741904
872423196.0,0.0,0.0,0.0,0.0,0.0,0.0008056640508584678,0.0,0.0,0.0,1668051044.742217
873422853.0,0.0,0.0,0.0,0.0,0.0,0.0008056640508584678,0.0,0.0,0.0,1668051045.741874
874422978.0,0.0,0.0,0.0,0.0,0.0,0.0008056640508584678,0.0,0.0,0.0,1668051046.741999
875422863.0,0.0,0.0,0.0,0.0,0.0,0.0008056640508584678,0.0,0.0,0.0,1668051047.741884
876422854.0,0.0,0.0,0.0,0.0,0.0,0.0008056640508584678,0.0,0.0,0.0,1668051048.741875
877422921.0,0.0,0.0,0.0,0.0,0.0,0.0008056640508584678,0.0,0.0,0.0,1668051049.741942
878423019.0,0.0,0.0,0.0,0.0,0.0,0.0008056640508584678,0.0,0.0,0.0,1668051050.74204
879422858.0,0.0,0.0,0.0,0.0,0.0,0.0008056640508584678,0.0,0.0,0.0,1668051051.741879
880422985.0,0.0,0.0,0.0,0.0,0.0,0.0008056640508584678,0.0,0.0,0.0,1668051052.742006
881422943.0,0.0,0.0,0.0,0.0,0.0,0.0008056640508584678,0.0,0.0,0.0,1668051053.741964
882422788.0,0.0,0.0,0.0,0.0,0.0,0.0008056640508584678,0.0,0.0,0.0,1668051054.741809
883422813.0,0.0,0.0,0.0,0.0,0.0,0.0008056640508584678,0.0,0.0,0.0,1668051055.741834
884422832.0,0.0,0.0,0.0,0.0,0.0,0.0008056640508584678,0.0,0.0,0.0,1668051056.741853
885422840.0,0.0,0.0,0.0,0.0,0.0,0.0008056640508584678,0.0,0.0,0.0,1668051057.741861
886422855.0,0.0,0.0,0.0,0.0,0.0,0.0008056640508584678,0.0,0.0,0.0,1668051058.741876
887422943.0,0.0,0.0,0.0,0.0,0.0,0.0008056640508584678,0.0,0.0,0.0,1668051059.741964
888422812.0,0.0,0.0,0.0,0.0,0.0,0.0008056640508584678,0.0,0.0,0.0,1668051060.741833
889423017.0,0.0,0.0,0.0,0.0,0.0,0.0008056640508584678,0.0,0.0,0.0,1668051061.742038
890422816.0,0.0,0.0,0.0,0.0,0.0,0.0008056640508584678,0.0,0.0,0.0,1668051062.741837
891422887.0,0.0,0.0,0.0,0.0,0.0,0.0008056640508584678,0.0,0.0,0.0,1668051063.741908
892422887.0,0.0,0.0,0.0,0.0,0.0,0.0008056640508584678,0.0,0.0,0.0,1668051064.741908
893422839.0,0.0,0.0,0.0,0.0,0.0,0.0008056640508584678,0.0,0.0,0.0,1668051065.74186
894422853.0,0.0,0.0,0.0,0.0,0.0,0.0008056640508584678,0.0,0.0,0.0,1668051066.741874
895422983.0,0.0,0.0,0.0,0.0,0.0,0.0008056640508584678,0.0,0.0,0.0,1668051067.742004
896422983.0,0.0,0.0,0.0,0.0,0.0,0.0008056640508584678,0.0,0.0,0.0,1668051068.742004
897422868.0,0.0,0.0,0.0,0.0,0.0,0.0008056640508584678,0.0,0.0,0.0,1668051069.741889
898422844.0,0.0,0.0,0.0,0.0,0.0,0.0008056640508584678,0.0,0.0,0.0,1668051070.741865
899422919.0,0.0,0.0,0.0,0.0,0.0,0.0008056640508584678,0.0,0.0,0.0,1668051071.74194
900422893.0,0.0,0.0,0.0,0.0,0.0,0.0008056640508584678,0.0,0.0,0.0,1668051072.741914
901422802.0,0.0,0.0,0.0,0.0,0.0,0.0008056640508584678,0.0,0.0,0.0,1668051073.741823
902422781.0,0.0,0.0,0.0,0.0,0.0,0.0008056640508584678,0.0,0.0,0.0,1668051074.741802
903422969.0,0.0,0.0,0.0,0.0,0.0,0.0008056640508584678,0.0,0.0,0.0,1668051075.74199
904422821.0,0.0,0.0,0.0,0.0,0.0,0.0008056640508584678,0.0,0.0,0.0,1668051076.741842
905423115.0,0.0,0.0,0.0,0.0,0.0,0.0008056640508584678,0.0,0.0,0.0,1668051077.742136
906422823.0,0.0,0.0,0.0,0.0,0.0,0.0008056640508584678,0.0,0.0,0.0,1668051078.741844
907422758.0,0.0,0.0,0.0,0.0,0.0,0.0008056640508584678,0.0,0.0,0.0,1668051079.741779
908422805.0,0.0,0.0,0.0,0.0,0.0,0.0008056640508584678,0.0,0.0,0.0,1668051080.741826
909422861.0,0.0,0.0,0.0,0.0,0.0,0.0008056640508584678,0.0,0.0,0.0,1668051081.741882
910423203.0,0.0,0.0,0.0,0.0,0.0,0.0008056640508584678,0.0,0.0,0.0,1668051082.742224
911423060.0,0.0,0.0,0.0,0.0,0.0,0.0008056640508584678,0.0,0.0,0.0,1668051083.742081
912422805.0,0.0,0.0,0.0,0.0,0.0,0.0008056640508584678,0.0,0.0,0.0,1668051084.741826
913422786.0,0.0,0.0,0.0,0.0,0.0,0.0008056640508584678,0.0,0.0,0.0,1668051085.741807
914423030.0,0.0,0.0,0.0,0.0,0.0,0.0008056640508584678,0.0,0.0,0.0,1668051086.742051
915422808.0,0.0,0.0,0.0,0.0,0.0,0.0008056640508584678,0.0,0.0,0.0,1668051087.741829
916422999.0,0.0,0.0,0.0,0.0,0.0,0.0008056640508584678,0.0,0.0,0.0,1668051088.74202
917422838.0,0.0,0.0,0.0,0.0,0.0,0.0008056640508584678,0.0,0.0,0.0,1668051089.741859
918422848.0,0.0,0.0,0.0,0.0,0.0,0.0008056640508584678,0.0,0.0,0.0,1668051090.741869
919422852.0,0.0,0.0,0.0,0.0,0.0,0.0008056640508584678,0.0,0.0,0.0,1668051091.741873
920422882.0,0.0,0.0,0.0,0.0,0.0,0.0008056640508584678,0.0,0.0,0.0,1668051092.741903
921422818.0,0.0,0.0,0.0,0.0,0.0,0.0008056640508584678,0.0,0.0,0.0,1668051093.741839
922422908.0,0.0,0.0,0.0,0.0,0.0,0.0008056640508584678,0.0,0.0,0.0,1668051094.741929
923422940.0,0.0,0.0,0.0,0.0,0.0,0.0008056640508584678,0.0,0.0,0.0,1668051095.741961
924422813.0,0.0,0.0,0.0,0.0,0.0,0.0008056640508584678,0.0,0.0,0.0,1668051096.741834
925422869.0,0.0,0.0,0.0,0.0,0.0,0.0008056640508584678,0.0,0.0,0.0,1668051097.74189
926422847.0,0.0,0.0,0.0,0.0,0.0,0.0008056640508584678,0.0,0.0,0.0,1668051098.741868
927422877.0,0.0,0.0,0.0,0.0,0.0,0.0008056640508584678,0.0,0.0,0.0,1668051099.741898
928422870.0,0.0,0.0,0.0,0.0,0.0,0.0008056640508584678,0.0,0.0,0.0,1668051100.741891
929422758.0,0.0,0.0,0.0,0.0,0.0,0.0008056640508584678,0.0,0.0,0.0,1668051101.741779
930422797.0,0.0,0.0,0.0,0.0,0.0,0.0008056640508584678,0.0,0.0,0.0,1668051102.741818
931422949.0,0.0,0.0,0.0,0.0,0.0,0.0008056640508584678,0.0,0.0,0.0,1668051103.74197
932422997.0,0.0,0.0,0.0,0.0,0.0,0.0008056640508584678,0.0,0.0,0.0,1668051104.742018
933422789.0,0.0,0.0,0.0,0.0,0.0,0.0008056640508584678,0.0,0.0,0.0,1668051105.74181
934422810.0,0.0,0.0,0.0,0.0,0.0,0.0008056640508584678,0.0,0.0,0.0,1668051106.741831
935422796.0,0.0,0.0,0.0,0.0,0.0,0.0008056640508584678,0.0,0.0,0.0,1668051107.741817
936422808.0,0.0,0.0,0.0,0.0,0.0,0.0008056640508584678,0.0,0.0,0.0,1668051108.741829
937422963.0,0.0,0.0,0.0,0.0,0.0,0.0008056640508584678,0.0,0.0,0.0,1668051109.741984
938422865.0,0.0,0.0,0.0,0.0,0.0,0.0008056640508584678,0.0,0.0,0.0,1668051110.741886
939422955.0,0.0,0.0,0.0,0.0,0.0,0.0008056640508584678,0.0,0.0,0.0,1668051111.741976
940423066.0,0.0,0.0,0.0,0.0,0.0,0.0008056640508584678,0.0,0.0,0.0,1668051112.742087
941422935.0,0.0,0.0,0.0,0.0,0.0,0.0008056640508584678,0.0,0.0,0.0,1668051113.741956
942422821.0,0.0,0.0,0.0,0.0,0.0,0.0008056640508584678,0.0,0.0,0.0,1668051114.741842
943422869.0,0.0,0.0,0.0,0.0,0.0,0.0008056640508584678,0.0,0.0,0.0,1668051115.74189
944422817.0,0.0,0.0,0.0,0.0,0.0,0.0008056640508584678,0.0,0.0,0.0,1668051116.741838
945422866.0,0.0,0.0,0.0,0.0,0.0,0.0008056640508584678,0.0,0.0,0.0,1668051117.741887
946422887.0,0.0,0.0,0.0,0.0,0.0,0.0008056640508584678,0.0,0.0,0.0,1668051118.741908
947422822.0,0.0,0.0,0.0,0.0,0.0,0.0008056640508584678,0.0,0.0,0.0,1668051119.741843
948422874.0,0.0,0.0,0.0,0.0,0.0,0.0008056640508584678,0.0,0.0,0.0,1668051120.741895
949422780.0,0.0,0.0,0.0,0.0,0.0,0.0008056640508584678,0.0,0.0,0.0,1668051121.741801
950434595.0,0.0,0.0,0.0,0.0,0.0,0.0008056640508584678,0.0,0.0,0.0,1668051122.753616
951434699.0,0.0,0.0,0.0,0.0,0.0,0.0008056640508584678,0.0,0.0,0.0,1668051123.75372
952434546.0,0.0,0.0,0.0,0.0,0.0,0.0008056640508584678,0.0,0.0,0.0,1668051124.753567
953434689.0,0.0,0.0,0.0,0.0,0.0,0.0008056640508584678,0.0,0.0,0.0,1668051125.75371
954434588.0,0.0,0.0,0.0,0.0,0.0,0.0008056640508584678,0.0,0.0,0.0,1668051126.753609
955434556.0,0.0,0.0,0.0,0.0,0.0,0.0008056640508584678,0.0,0.0,0.0,1668051127.753577
956434596.0,0.0,0.0,0.0,0.0,0.0,0.0008056640508584678,0.0,0.0,0.0,1668051128.753617
957434515.0,0.0,0.0,0.0,0.0,0.0,0.0008056640508584678,0.0,0.0,0.0,1668051129.753536
958434606.0,0.0,0.0,0.0,0.0,0.0,0.0008056640508584678,0.0,0.0,0.0,1668051130.753627
959434514.0,0.0,0.0,0.0,0.0,0.0,0.0008056640508584678,0.0,0.0,0.0,1668051131.753535
960434630.0,0.0,0.0,0.0,0.0,0.0,0.0008056640508584678,0.0,0.0,0.0,1668051132.753651
961434601.0,0.0,0.0,0.0,0.0,0.0,0.0008056640508584678,0.0,0.0,0.0,1668051133.753622
962434639.0,0.0,0.0,0.0,0.0,0.0,0.0008056640508584678,0.0,0.0,0.0,1668051134.75366
963434650.0,0.0,0.0,0.0,0.0,0.0,0.0008056640508584678,0.0,0.0,0.0,1668051135.753671
964434560.0,0.0,0.0,0.0,0.0,0.0,0.0008056640508584678,0.0,0.0,0.0,1668051136.753581
969435126.0,0.0,0.0,0.0,0.0,0.0,0.0008056640508584678,0.0,0.0,0.0,1668051141.754147
970435105.0,0.0,0.0,0.0,0.0,0.0,0.0008056640508584678,0.0,0.0,0.0,1668051142.754126
971434818.0,0.0,0.0,0.0,0.0,0.0,0.0008056640508584678,0.0,0.0,0.0,1668051143.753839
972434923.0,0.0,0.0,0.0,0.0,0.0,0.0008056640508584678,0.0,0.0,0.0,1668051144.753944
973434931.0,0.0,0.0,0.0,0.0,0.0,0.0008056640508584678,0.0,0.0,0.0,1668051145.753952
974435219.0,0.0,0.0,0.0,0.0,0.0,0.0008056640508584678,0.0,0.0,0.0,1668051146.75424
975434926.0,0.0,0.0,0.0,0.0,0.0,0.0008056640508584678,0.0,0.0,0.0,1668051147.753947
976434986.0,0.0,0.0,0.0,0.0,0.0,0.0008056640508584678,0.0,0.0,0.0,1668051148.754007
977435051.0,0.0,0.0,0.0,0.0,0.0,0.0008056640508584678,0.0,0.0,0.0,1668051149.754072
978435200.0,0.0,0.0,0.0,0.0,0.0,0.0008056640508584678,0.0,0.0,0.0,1668051150.754221
979434974.0,0.0,0.0,0.0,0.0,0.0,0.0008056640508584678,0.0,0.0,0.0,1668051151.753995
980435014.0,0.0,0.0,0.0,0.0,0.0,0.0008056640508584678,0.0,0.0,0.0,1668051152.754035
981435170.0,0.0,0.0,0.0,0.0,0.0,0.0008056640508584678,0.0,0.0,0.0,1668051153.754191
982435367.0,0.0,0.0,0.0,0.0,0.0,0.0008056640508584678,0.0,0.0,0.0,1668051154.754388
983435221.0,0.0,0.0,0.0,0.0,0.0,0.0008056640508584678,0.0,0.0,0.0,1668051155.754242
984435224.0,0.0,0.0,0.0,0.0,0.0,0.0008056640508584678,0.0,0.0,0.0,1668051156.754245
985435232.0,0.0,0.0,0.0,0.0,0.0,0.0008056640508584678,0.0,0.0,0.0,1668051157.754253
986435086.0,0.0,0.0,0.0,0.0,0.0,0.0008056640508584678,0.0,0.0,0.0,1668051158.754107
987435311.0,0.0,0.0,0.0,0.0,0.0,0.0008056640508584678,0.0,0.0,0.0,1668051159.754332
988435245.0,0.0,0.0,0.0,0.0,0.0,0.0008056640508584678,0.0,0.0,0.0,1668051160.754266
989435066.0,0.0,0.0,0.0,0.0,0.0,0.0008056640508584678,0.0,0.0,0.0,1668051161.754087
990435150.0,0.0,0.0,0.0,0.0,0.0,0.0008056640508584678,0.0,0.0,0.0,1668051162.754171
991435196.0,0.0,0.0,0.0,0.0,0.0,0.0008056640508584678,0.0,0.0,0.0,1668051163.754217
992272865.0,0.0,0.0,0.0,0.0,0.0,0.0008056640508584678,0.0,0.0,0.0,1668051164.591886
993272756.0,0.0,0.0,0.0,0.0,0.0,0.0008056640508584678,0.0,0.0,0.0,1668051165.591777
994272749.0,0.0,0.0,0.0,0.0,0.0,0.0008056640508584678,0.0,0.0,0.0,1668051166.59177
995272766.0,0.0,0.0,0.0,0.0,0.0,0.0008056640508584678,0.0,0.0,0.0,1668051167.591787
996272686.0,0.0,0.0,0.0,0.0,0.0,0.0008056640508584678,0.0,0.0,0.0,1668051168.591707
997272804.0,0.0,0.0,0.0,0.0,0.0,0.0008056640508584678,0.0,0.0,0.0,1668051169.591825
998272613.0,0.0,0.0,0.0,0.0,0.0,0.0008056640508584678,0.0,0.0,0.0,1668051170.591634
999272712.0,0.0,0.0,0.0,0.0,0.0,0.0008056640508584678,0.0,0.0,0.0,1668051171.591733
1000272684.0,0.0,0.0,0.0,0.0,0.0,0.0008056640508584678,0.0,0.0,0.0,1668051172.591705
1001272766.0,0.0,0.0,0.0,0.0,0.0,0.0008056640508584678,0.0,0.0,0.0,1668051173.591787
1002272570.0,0.0,0.0,0.0,0.0,0.0,0.0008056640508584678,0.0,0.0,0.0,1668051174.591591
1003272570.0,0.0,0.0,0.0,0.0,0.0,0.0008056640508584678,0.0,0.0,0.0,1668051175.591591
1004272671.0,0.0,0.0,0.0,0.0,0.0,0.0008056640508584678,0.0,0.0,0.0,1668051176.591692
1005272569.0,0.0,0.0,0.0,0.0,0.0,0.0008056640508584678,0.0,0.0,0.0,1668051177.59159
1006272727.0,0.0,0.0,0.0,0.0,0.0,0.0008056640508584678,0.0,0.0,0.0,1668051178.591748
1007272655.0,0.0,0.0,0.0,0.0,0.0,0.0008056640508584678,0.0,0.0,0.0,1668051179.591676
1008272642.0,0.0,0.0,0.0,0.0,0.0,0.0008056640508584678,0.0,0.0,0.0,1668051180.591663
1009272679.0,0.0,0.0,0.0,0.0,0.0,0.0008056640508584678,0.0,0.0,0.0,1668051181.5917
1010272918.0,0.0,0.0,0.0,0.0,0.0,0.0008056640508584678,0.0,0.0,0.0,1668051182.591939
1011275091.0,0.0,0.0,0.0,0.0,0.0,0.0008056640508584678,0.0,0.0,0.0,1668051183.594112
1012274880.0,0.0,0.0,0.0,0.0,0.0,0.0008056640508584678,0.0,0.0,0.0,1668051184.593901
1013275090.0,0.0,0.0,0.0,0.0,0.0,0.0008056640508584678,0.0,0.0,0.0,1668051185.594111
1014274841.0,0.0,0.0,0.0,0.0,0.0,0.0008056640508584678,0.0,0.0,0.0,1668051186.593862
1015274986.0,0.0,0.0,0.0,0.0,0.0,0.0008056640508584678,0.0,0.0,0.0,1668051187.594007
1016275104.0,0.0,0.0,0.0,0.0,0.0,0.0008056640508584678,0.0,0.0,0.0,1668051188.594125
1017274944.0,0.0,0.0,0.0,0.0,0.0,0.0008056640508584678,0.0,0.0,0.0,1668051189.593965
1018275417.0,0.0,0.0,0.0,0.0,0.0,0.0008056640508584678,0.0,0.0,0.0,1668051190.594438
1019274991.0,0.0,0.0,0.0,0.0,0.0,0.0008056640508584678,0.0,0.0,0.0,1668051191.594012
1020275384.0,0.0,0.0,0.0,0.0,0.0,0.0008056640508584678,0.0,0.0,0.0,1668051192.594405
1021277059.0,0.0,0.0,0.0,0.0,0.0,0.0008056640508584678,0.0,0.0,0.0,1668051193.59608
1022277111.0,0.0,0.0,0.0,0.0,0.0,0.0008056640508584678,0.0,0.0,0.0,1668051194.596132
1023277180.0,0.0,0.0,0.0,0.0,0.0,0.0008056640508584678,0.0,0.0,0.0,1668051195.596201
1024276967.0,0.0,0.0,0.0,0.0,0.0,0.0008056640508584678,0.0,0.0,0.0,1668051196.595988
1025277125.0,0.0,0.0,0.0,0.0,0.0,0.0008056640508584678,0.0,0.0,0.0,1668051197.5961459
1026277154.0,0.0,0.0,0.0,0.0,0.0,0.0008056640508584678,0.0,0.0,0.0,1668051198.596175
1027277071.0,0.0,0.0,0.0,0.0,0.0,0.0008056640508584678,0.0,0.0,0.0,1668051199.596092
1028276906.0,0.0,0.0,0.0,0.0,0.0,0.0008056640508584678,0.0,0.0,0.0,1668051200.595927
1029277212.0,0.0,0.0,0.0,0.0,0.0,0.0008056640508584678,0.0,0.0,0.0,1668051201.596233
1030277189.0,0.0,0.0,0.0,0.0,0.0,0.0008056640508584678,0.0,0.0,0.0,1668051202.59621
1031277161.0,0.0,0.0,0.0,0.0,0.0,0.0008056640508584678,0.0,0.0,0.0,1668051203.5961819
1032277035.0,0.0,0.0,0.0,0.0,0.0,0.0008056640508584678,0.0,0.0,0.0,1668051204.596056
1033276893.0,0.0,0.0,0.0,0.0,0.0,0.0008056640508584678,0.0,0.0,0.0,1668051205.595914
1034277052.0,0.0,0.0,0.0,0.0,0.0,0.0008056640508584678,0.0,0.0,0.0,1668051206.596073
1035276970.0,0.0,0.0,0.0,0.0,0.0,0.0008056640508584678,0.0,0.0,0.0,1668051207.595991
1036277124.0,0.0,0.0,0.0,0.0,0.0,0.0008056640508584678,0.0,0.0,0.0,1668051208.596145
1037277175.0,0.0,0.0,0.0,0.0,0.0,0.0008056640508584678,0.0,0.0,0.0,1668051209.596196
1038276986.0,0.0,0.0,0.0,0.0,0.0,0.0008056640508584678,0.0,0.0,0.0,1668051210.5960069
1039277052.0,0.0,0.0,0.0,0.0,0.0,0.0008056640508584678,0.0,0.0,0.0,1668051211.596073
1040276974.0,0.0,0.0,0.0,0.0,0.0,0.0008056640508584678,0.0,0.0,0.0,1668051212.595995
1041277053.0,0.0,0.0,0.0,0.0,0.0,0.0008056640508584678,0.0,0.0,0.0,1668051213.596074
1042276918.0,0.0,0.0,0.0,0.0,0.0,0.0008056640508584678,0.0,0.0,0.0,1668051214.595939
1043277090.0,0.0,0.0,0.0,0.0,0.0,0.0008056640508584678,0.0,0.0,0.0,1668051215.596111
1044277079.0,0.0,0.0,0.0,0.0,0.0,0.0008056640508584678,0.0,0.0,0.0,1668051216.5961
1045277222.0,0.0,0.0,0.0,0.0,0.0,0.0008056640508584678,0.0,0.0,0.0,1668051217.596243
1046277371.0,0.0,0.0,0.0,0.0,0.0,0.0008056640508584678,0.0,0.0,0.0,1668051218.596392
1047277145.0,0.0,0.0,0.0,0.0,0.0,0.0008056640508584678,0.0,0.0,0.0,1668051219.596166
1048277158.0,0.0,0.0,0.0,0.0,0.0,0.0008056640508584678,0.0,0.0,0.0,1668051220.596179
1049277228.0,0.0,0.0,0.0,0.0,0.0,0.0008056640508584678,0.0,0.0,0.0,1668051221.596249
1050277387.0,0.0,0.0,0.0,0.0,0.0,0.0008056640508584678,0.0,0.0,0.0,1668051222.596408
1051277276.0,0.0,0.0,0.0,0.0,0.0,0.0008056640508584678,0.0,0.0,0.0,1668051223.596297
1052277418.0,0.0,0.0,0.0,0.0,0.0,0.0008056640508584678,0.0,0.0,0.0,1668051224.596439
1053277162.0,0.0,0.0,0.0,0.0,0.0,0.0008056640508584678,0.0,0.0,0.0,1668051225.596183
1054277246.0,0.0,0.0,0.0,0.0,0.0,0.0008056640508584678,0.0,0.0,0.0,1668051226.596267
1055277307.0,0.0,0.0,0.0,0.0,0.0,0.0008056640508584678,0.0,0.0,0.0,1668051227.596328
1056277327.0,0.0,0.0,0.0,0.0,0.0,0.0008056640508584678,0.0,0.0,0.0,1668051228.596348
1057277162.0,0.0,0.0,0.0,0.0,0.0,0.0008056640508584678,0.0,0.0,0.0,1668051229.596183
1058277154.0,0.0,0.0,0.0,0.0,0.0,0.0008056640508584678,0.0,0.0,0.0,1668051230.596175
1059277193.0,0.0,0.0,0.0,0.0,0.0,0.0008056640508584678,0.0,0.0,0.0,1668051231.596214
1060277242.0,0.0,0.0,0.0,0.0,0.0,0.0008056640508584678,0.0,0.0,0.0,1668051232.596263
1061277375.0,0.0,0.0,0.0,0.0,0.0,0.0008056640508584678,0.0,0.0,0.0,1668051233.596396
1062277198.0,0.0,0.0,0.0,0.0,0.0,0.0008056640508584678,0.0,0.0,0.0,1668051234.596219
1063277170.0,0.0,0.0,0.0,0.0,0.0,0.0008056640508584678,0.0,0.0,0.0,1668051235.596191
1064277139.0,0.0,0.0,0.0,0.0,0.0,0.0008056640508584678,0.0,0.0,0.0,1668051236.59616
1065277164.0,0.0,0.0,0.0,0.0,0.0,0.0008056640508584678,0.0,0.0,0.0,1668051237.596185
1066277395.0,0.0,0.0,0.0,0.0,0.0,0.0008056640508584678,0.0,0.0,0.0,1668051238.596416
1067277212.0,0.0,0.0,0.0,0.0,0.0,0.0008056640508584678,0.0,0.0,0.0,1668051239.596233
1068277284.0,0.0,0.0,0.0,0.0,0.0,0.0008056640508584678,0.0,0.0,0.0,1668051240.596305
1069277221.0,0.0,0.0,0.0,0.0,0.0,0.0008056640508584678,0.0,0.0,0.0,1668051241.596242
1070277339.0,0.0,0.0,0.0,0.0,0.0,0.0008056640508584678,0.0,0.0,0.0,1668051242.59636
1071277420.0,0.0,0.0,0.0,0.0,0.0,0.0008056640508584678,0.0,0.0,0.0,1668051243.596441
1072277144.0,0.0,0.0,0.0,0.0,0.0,0.0008056640508584678,0.0,0.0,0.0,1668051244.596165
1073277260.0,0.0,0.0,0.0,0.0,0.0,0.0008056640508584678,0.0,0.0,0.0,1668051245.596281
1074277204.0,0.0,0.0,0.0,0.0,0.0,0.0008056640508584678,0.0,0.0,0.0,1668051246.596225
1075277279.0,0.0,0.0,0.0,0.0,0.0,0.0008056640508584678,0.0,0.0,0.0,1668051247.5963
1076277303.0,0.0,0.0,0.0,0.0,0.0,0.0008056640508584678,0.0,0.0,0.0,1668051248.596324
1077277282.0,0.0,0.0,0.0,0.0,0.0,0.0008056640508584678,0.0,0.0,0.0,1668051249.596303
1078277167.0,0.0,0.0,0.0,0.0,0.0,0.0008056640508584678,0.0,0.0,0.0,1668051250.596188
1079277468.0,0.0,0.0,0.0,0.0,0.0,0.0008056640508584678,0.0,0.0,0.0,1668051251.596489
1080277166.0,0.0,0.0,0.0,0.0,0.0,0.0008056640508584678,0.0,0.0,0.0,1668051252.5961869
1081277357.0,0.0,0.0,0.0,0.0,0.0,0.0008056640508584678,0.0,0.0,0.0,1668051253.596378
1082277194.0,0.0,0.0,0.0,0.0,0.0,0.0008056640508584678,0.0,0.0,0.0,1668051254.596215
1083277082.0,0.0,0.0,0.0,0.0,0.0,0.0008056640508584678,0.0,0.0,0.0,1668051255.596103
1084277170.0,0.0,0.0,0.0,0.0,0.0,0.0008056640508584678,0.0,0.0,0.0,1668051256.596191
1085277211.0,0.0,0.0,0.0,0.0,0.0,0.0008056640508584678,0.0,0.0,0.0,1668051257.596232
1086277383.0,0.0,0.0,0.0,0.0,0.0,0.0008056640508584678,0.0,0.0,0.0,1668051258.596404
1087277160.0,0.0,0.0,0.0,0.0,0.0,0.0008056640508584678,0.0,0.0,0.0,1668051259.596181
1088277355.0,0.0,0.0,0.0,0.0,0.0,0.0008056640508584678,0.0,0.0,0.0,1668051260.596376
1089276971.0,0.0,0.0,0.0,0.0,0.0,0.0008056640508584678,0.0,0.0,0.0,1668051261.595992
1090277251.0,0.0,0.0,0.0,0.0,0.0,0.0008056640508584678,0.0,0.0,0.0,1668051262.596272
1091277268.0,0.0,0.0,0.0,0.0,0.0,0.0008056640508584678,0.0,0.0,0.0,1668051263.596289
1092277243.0,0.0,0.0,0.0,0.0,0.0,0.0008056640508584678,0.0,0.0,0.0,1668051264.596264
1093277159.0,0.0,0.0,0.0,0.0,0.0,0.0008056640508584678,0.0,0.0,0.0,1668051265.59618
1094277152.0,0.0,0.0,0.0,0.0,0.0,0.0008056640508584678,0.0,0.0,0.0,1668051266.596173
1095277131.0,0.0,0.0,0.0,0.0,0.0,0.0008056640508584678,0.0,0.0,0.0,1668051267.596152
1096277148.0,0.0,0.0,0.0,0.0,0.0,0.0008056640508584678,0.0,0.0,0.0,1668051268.596169
1097277265.0,0.0,0.0,0.0,0.0,0.0,0.0008056640508584678,0.0,0.0,0.0,1668051269.596286
1098277125.0,0.0,0.0,0.0,0.0,0.0,0.0008056640508584678,0.0,0.0,0.0,1668051270.5961459
1099277078.0,0.0,0.0,0.0,0.0,0.0,0.0008056640508584678,0.0,0.0,0.0,1668051271.596099
1100277277.0,0.0,0.0,0.0,0.0,0.0,0.0008056640508584678,0.0,0.0,0.0,1668051272.596298
1101277365.0,0.0,0.0,0.0,0.0,0.0,0.0008056640508584678,0.0,0.0,0.0,1668051273.596386
1102277208.0,0.0,0.0,0.0,0.0,0.0,0.0008056640508584678,0.0,0.0,0.0,1668051274.596229
1103277074.0,0.0,0.0,0.0,0.0,0.0,0.0008056640508584678,0.0,0.0,0.0,1668051275.596095
1104277121.0,0.0,0.0,0.0,0.0,0.0,0.0008056640508584678,0.0,0.0,0.0,1668051276.596142
1105277207.0,0.0,0.0,0.0,0.0,0.0,0.0008056640508584678,0.0,0.0,0.0,1668051277.596228
1106277421.0,0.0,0.0,0.0,0.0,0.0,0.0008056640508584678,0.0,0.0,0.0,1668051278.596442
1107277207.0,0.0,0.0,0.0,0.0,0.0,0.0008056640508584678,0.0,0.0,0.0,1668051279.596228
1108277191.0,0.0,0.0,0.0,0.0,0.0,0.0008056640508584678,0.0,0.0,0.0,1668051280.596212
1109276983.0,0.0,0.0,0.0,0.0,0.0,0.0008056640508584678,0.0,0.0,0.0,1668051281.596004
1110277072.0,0.0,0.0,0.0,0.0,0.0,0.0008056640508584678,0.0,0.0,0.0,1668051282.596093
1111277123.0,0.0,0.0,0.0,0.0,0.0,0.0008056640508584678,0.0,0.0,0.0,1668051283.596144
1112277173.0,0.0,0.0,0.0,0.0,0.0,0.0008056640508584678,0.0,0.0,0.0,1668051284.596194
1113277359.0,0.0,0.0,0.0,0.0,0.0,0.0008056640508584678,0.0,0.0,0.0,1668051285.59638
1114277066.0,0.0,0.0,0.0,0.0,0.0,0.0008056640508584678,0.0,0.0,0.0,1668051286.596087
1115277180.0,0.0,0.0,0.0,0.0,0.0,0.0008056640508584678,0.0,0.0,0.0,1668051287.596201
1116277299.0,0.0,0.0,0.0,0.0,0.0,0.0008056640508584678,0.0,0.0,0.0,1668051288.59632
1117277187.0,0.0,0.0,0.0,0.0,0.0,0.0008056640508584678,0.0,0.0,0.0,1668051289.596208
1118277177.0,0.0,0.0,0.0,0.0,0.0,0.0008056640508584678,0.0,0.0,0.0,1668051290.596198
1119277177.0,0.0,0.0,0.0,0.0,0.0,0.0008056640508584678,0.0,0.0,0.0,1668051291.596198
1120277249.0,0.0,0.0,0.0,0.0,0.0,0.0008056640508584678,0.0,0.0,0.0,1668051292.59627
1121277416.0,0.0,0.0,0.0,0.0,0.0,0.0008056640508584678,0.0,0.0,0.0,1668051293.596437
1122277051.0,0.0,0.0,0.0,0.0,0.0,0.0008056640508584678,0.0,0.0,0.0,1668051294.596072
1123277109.0,0.0,0.0,0.0,0.0,0.0,0.0008056640508584678,0.0,0.0,0.0,1668051295.59613
1124277368.0,0.0,0.0,0.0,0.0,0.0,0.0008056640508584678,0.0,0.0,0.0,1668051296.596389
1125277271.0,0.0,0.0,0.0,0.0,0.0,0.0008056640508584678,0.0,0.0,0.0,1668051297.596292
1126277268.0,0.0,0.0,0.0,0.0,0.0,0.0008056640508584678,0.0,0.0,0.0,1668051298.596289
1127277295.0,0.0,0.0,0.0,0.0,0.0,0.0008056640508584678,0.0,0.0,0.0,1668051299.596316
1128277130.0,0.0,0.0,0.0,0.0,0.0,0.0008056640508584678,0.0,0.0,0.0,1668051300.5961509
1129277043.0,0.0,0.0,0.0,0.0,0.0,0.0008056640508584678,0.0,0.0,0.0,1668051301.596064
1130277289.0,0.0,0.0,0.0,0.0,0.0,0.0008056640508584678,0.0,0.0,0.0,1668051302.59631
1131277297.0,0.0,0.0,0.0,0.0,0.0,0.0008056640508584678,0.0,0.0,0.0,1668051303.596318
1132277138.0,0.0,0.0,0.0,0.0,0.0,0.0008056640508584678,0.0,0.0,0.0,1668051304.596159
1133277428.0,0.0,0.0,0.0,0.0,0.0,0.0008056640508584678,0.0,0.0,0.0,1668051305.596449
1134277091.0,0.0,0.0,0.0,0.0,0.0,0.0008056640508584678,0.0,0.0,0.0,1668051306.596112
1135277210.0,0.0,0.0,0.0,0.0,0.0,0.0008056640508584678,0.0,0.0,0.0,1668051307.596231
1136277298.0,0.0,0.0,0.0,0.0,0.0,0.0008056640508584678,0.0,0.0,0.0,1668051308.596319
1137277214.0,0.0,0.0,0.0,0.0,0.0,0.0008056640508584678,0.0,0.0,0.0,1668051309.596235
1138277263.0,0.0,0.0,0.0,0.0,0.0,0.0008056640508584678,0.0,0.0,0.0,1668051310.596284
1139277005.0,0.0,0.0,0.0,0.0,0.0,0.0008056640508584678,0.0,0.0,0.0,1668051311.596026
1140277169.0,0.0,0.0,0.0,0.0,0.0,0.0008056640508584678,0.0,0.0,0.0,1668051312.59619
1141277183.0,0.0,0.0,0.0,0.0,0.0,0.0008056640508584678,0.0,0.0,0.0,1668051313.596204
1142277334.0,0.0,0.0,0.0,0.0,0.0,0.0008056640508584678,0.0,0.0,0.0,1668051314.596355
1143277004.0,0.0,0.0,0.0,0.0,0.0,0.0008056640508584678,0.0,0.0,0.0,1668051315.596025
1144277119.0,0.0,0.0,0.0,0.0,0.0,0.0008056640508584678,0.0,0.0,0.0,1668051316.59614
1145277136.0,0.0,0.0,0.0,0.0,0.0,0.0008056640508584678,0.0,0.0,0.0,1668051317.596157
1146277369.0,0.0,0.0,0.0,0.0,0.0,0.0008056640508584678,0.0,0.0,0.0,1668051318.59639
1147277192.0,0.0,0.0,0.0,0.0,0.0,0.0008056640508584678,0.0,0.0,0.0,1668051319.596213
1148277196.0,0.0,0.0,0.0,0.0,0.0,0.0008056640508584678,0.0,0.0,0.0,1668051320.596217
1149277222.0,0.0,0.0,0.0,0.0,0.0,0.0008056640508584678,0.0,0.0,0.0,1668051321.596243
1150277442.0,0.0,0.0,0.0,0.0,0.0,0.0008056640508584678,0.0,0.0,0.0,1668051322.596463
1151277389.0,0.0,0.0,0.0,0.0,0.0,0.0008056640508584678,0.0,0.0,0.0,1668051323.59641
1152277163.0,0.0,0.0,0.0,0.0,0.0,0.0008056640508584678,0.0,0.0,0.0,1668051324.596184
1153277239.0,0.0,0.0,0.0,0.0,0.0,0.0008056640508584678,0.0,0.0,0.0,1668051325.59626
1154277355.0,0.0,0.0,0.0,0.0,0.0,0.0008056640508584678,0.0,0.0,0.0,1668051326.596376
1155277096.0,0.0,0.0,0.0,0.0,0.0,0.0008056640508584678,0.0,0.0,0.0,1668051327.596117
1156112965.0,0.0,0.0,0.0,0.0,0.0,0.0008056640508584678,0.0,0.0,0.0,1668051328.431986
1157114664.0,0.0,0.0,0.0,0.0,0.0,0.0008056640508584678,0.0,0.0,0.0,1668051329.433685
1158115008.0,0.0,0.0,0.0,0.0,0.0,0.0008056640508584678,0.0,0.0,0.0,1668051330.434029
1159115111.0,0.0,0.0,0.0,0.0,0.0,0.0008056640508584678,0.0,0.0,0.0,1668051331.434132
1160114983.0,0.0,0.0,0.0,0.0,0.0,0.0008056640508584678,0.0,0.0,0.0,1668051332.434004
1161114957.0,0.0,0.0,0.0,0.0,0.0,0.0008056640508584678,0.0,0.0,0.0,1668051333.433978
1162114927.0,0.0,0.0,0.0,0.0,0.0,0.0008056640508584678,0.0,0.0,0.0,1668051334.433948
1163114995.0,0.0,0.0,0.0,0.0,0.0,0.0008056640508584678,0.0,0.0,0.0,1668051335.434016
1164114945.0,0.0,0.0,0.0,0.0,0.0,0.0008056640508584678,0.0,0.0,0.0,1668051336.433966
1165115370.0,0.0,0.0,0.0,0.0,0.0,0.0008056640508584678,0.0,0.0,0.0,1668051337.434391
1166114971.0,0.0,0.0,0.0,0.0,0.0,0.0008056640508584678,0.0,0.0,0.0,1668051338.433992
1167115036.0,0.0,0.0,0.0,0.0,0.0,0.0008056640508584678,0.0,0.0,0.0,1668051339.434057
1168115252.0,0.0,0.0,0.0,0.0,0.0,0.0008056640508584678,0.0,0.0,0.0,1668051340.434273
1169115181.0,0.0,0.0,0.0,0.0,0.0,0.0008056640508584678,0.0,0.0,0.0,1668051341.434202
1170115295.0,0.0,0.0,0.0,0.0,0.0,0.0008056640508584678,0.0,0.0,0.0,1668051342.434316
1171115151.0,0.0,0.0,0.0,0.0,0.0,0.0008056640508584678,0.0,0.0,0.0,1668051343.434172
1172115395.0,0.0,0.0,0.0,0.0,0.0,0.0008056640508584678,0.0,0.0,0.0,1668051344.434416
1173115348.0,0.0,0.0,0.0,0.0,0.0,0.0008056640508584678,0.0,0.0,0.0,1668051345.434369
1174115522.0,0.0,0.0,0.0,0.0,0.0,0.0008056640508584678,0.0,0.0,0.0,1668051346.434543
1175129858.0,0.0,0.0,0.0,0.0,0.0,0.0008056640508584678,0.0,0.0,0.0,1668051347.448879
1176129894.0,0.0,0.0,0.0,0.0,0.0,0.0008056640508584678,0.0,0.0,0.0,1668051348.448915
1177129770.0,0.0,0.0,0.0,0.0,0.0,0.0008056640508584678,0.0,0.0,0.0,1668051349.448791
1178129895.0,0.0,0.0,0.0,0.0,0.0,0.0008056640508584678,0.0,0.0,0.0,1668051350.448916
1179129903.0,0.0,0.0,0.0,0.0,0.0,0.0008056640508584678,0.0,0.0,0.0,1668051351.448924
1180129976.0,0.0,0.0,0.0,0.0,0.0,0.0008056640508584678,0.0,0.0,0.0,1668051352.448997
1181129893.0,0.0,0.0,0.0,0.0,0.0,0.0008056640508584678,0.0,0.0,0.0,1668051353.448914
1182129985.0,0.0,0.0,0.0,0.0,0.0,0.0008056640508584678,0.0,0.0,0.0,1668051354.449006
1183129760.0,0.0,0.0,0.0,0.0,0.0,0.0008056640508584678,0.0,0.0,0.0,1668051355.448781
1184129819.0,0.0,0.0,0.0,0.0,0.0,0.0008056640508584678,0.0,0.0,0.0,1668051356.44884
1185129870.0,0.0,0.0,0.0,0.0,0.0,0.0008056640508584678,0.0,0.0,0.0,1668051357.448891
1186129782.0,0.0,0.0,0.0,0.0,0.0,0.0008056640508584678,0.0,0.0,0.0,1668051358.448803
1187129812.0,0.0,0.0,0.0,0.0,0.0,0.0008056640508584678,0.0,0.0,0.0,1668051359.448833
1188129872.0,0.0,0.0,0.0,0.0,0.0,0.0008056640508584678,0.0,0.0,0.0,1668051360.448893
1189129887.0,0.0,0.0,0.0,0.0,0.0,0.0008056640508584678,0.0,0.0,0.0,1668051361.448908
