TimeUS,SetP,NxtP,TotP,SPD,CLat,CLng,CAlt,Opt1,timestamp
221959742.0,0.0,0.0,0.0,400.0,0.0,0.0,0.0,0.0,1668050394.278763
222961666.0,0.0,0.0,0.0,400.0,0.0,0.0,0.0,0.0,1668050395.280687
223961649.0,0.0,0.0,0.0,400.0,0.0,0.0,0.0,0.0,1668050396.28067
227973561.0,0.0,0.0,0.0,400.0,0.0,0.0,0.0,0.0,1668050400.292582
228973537.0,0.0,0.0,0.0,400.0,0.0,0.0,0.0,0.0,1668050401.292558
229973603.0,0.0,0.0,0.0,400.0,0.0,0.0,0.0,0.0,1668050402.292624
233986923.0,0.0,0.0,0.0,400.0,0.0,0.0,0.0,0.0,1668050406.305944
234986909.0,0.0,0.0,0.0,400.0,0.0,0.0,0.0,0.0,1668050407.30593
238999186.0,0.0,0.0,0.0,400.0,0.0,0.0,0.0,0.0,1668050411.318207
239999243.0,0.0,0.0,0.0,400.0,0.0,0.0,0.0,0.0,1668050412.318264
240999245.0,0.0,0.0,0.0,400.0,0.0,0.0,0.0,0.0,1668050413.318266
241999260.0,0.0,0.0,0.0,400.0,0.0,0.0,0.0,0.0,1668050414.318281
242999396.0,0.0,0.0,0.0,400.0,0.0,0.0,0.0,0.0,1668050415.318417
247010923.0,0.0,0.0,0.0,400.0,0.0,0.0,0.0,0.0,1668050419.329944
248010886.0,0.0,0.0,0.0,400.0,0.0,0.0,0.0,0.0,1668050420.329907
249011141.0,0.0,0.0,0.0,400.0,0.0,0.0,0.0,0.0,1668050421.330162
253022907.0,0.0,0.0,0.0,400.0,0.0,0.0,0.0,0.0,1668050425.341928
254022998.0,0.0,0.0,0.0,400.0,0.0,0.0,0.0,0.0,1668050426.342019
255023055.0,0.0,0.0,0.0,400.0,0.0,0.0,0.0,0.0,1668050427.342076
259034868.0,0.0,0.0,0.0,400.0,0.0,0.0,0.0,0.0,1668050431.353889
260034991.0,0.0,0.0,0.0,400.0,0.0,0.0,0.0,0.0,1668050432.354012
261034966.0,0.0,0.0,0.0,400.0,0.0,0.0,0.0,0.0,1668050433.353987
262035068.0,0.0,0.0,0.0,400.0,0.0,0.0,0.0,0.0,1668050434.354089
263035056.0,0.0,0.0,0.0,400.0,0.0,0.0,0.0,0.0,1668050435.354077
264035038.0,0.0,0.0,0.0,400.0,0.0,0.0,0.0,0.0,1668050436.354059
265035146.0,0.0,0.0,0.0,400.0,0.0,0.0,0.0,0.0,1668050437.354167
266034989.0,0.0,0.0,0.0,400.0,0.0,0.0,0.0,0.0,1668050438.35401
267034953.0,0.0,0.0,0.0,400.0,0.0,0.0,0.0,0.0,1668050439.353974
268035038.0,0.0,0.0,0.0,400.0,0.0,0.0,0.0,0.0,1668050440.354059
269034945.0,0.0,0.0,0.0,400.0,0.0,0.0,0.0,0.0,1668050441.353966
270035009.0,0.0,0.0,0.0,400.0,0.0,0.0,0.0,0.0,1668050442.35403
271035004.0,0.0,0.0,0.0,400.0,0.0,0.0,0.0,0.0,1668050443.354025
272035090.0,0.0,0.0,0.0,400.0,0.0,0.0,0.0,0.0,1668050444.354111
273035123.0,0.0,0.0,0.0,400.0,0.0,0.0,0.0,0.0,1668050445.354144
275034886.0,0.0,0.0,0.0,400.0,0.0,0.0,0.0,0.0,1668050447.3539069
276035021.0,0.0,0.0,0.0,400.0,0.0,0.0,0.0,0.0,1668050448.354042
277034923.0,0.0,0.0,0.0,400.0,0.0,0.0,0.0,0.0,1668050449.353944
278034927.0,0.0,0.0,0.0,400.0,0.0,0.0,0.0,0.0,1668050450.3539479
279034842.0,0.0,0.0,0.0,400.0,0.0,0.0,0.0,0.0,1668050451.353863
280034887.0,0.0,0.0,0.0,400.0,0.0,0.0,0.0,0.0,1668050452.353908
281035000.0,0.0,0.0,0.0,400.0,0.0,0.0,0.0,0.0,1668050453.354021
282034981.0,0.0,0.0,0.0,400.0,0.0,0.0,0.0,0.0,1668050454.354002
283035103.0,0.0,0.0,0.0,400.0,0.0,0.0,0.0,0.0,1668050455.354124
284034999.0,0.0,0.0,0.0,400.0,0.0,0.0,0.0,0.0,1668050456.3540199
285034874.0,0.0,0.0,0.0,400.0,0.0,0.0,0.0,0.0,1668050457.353895
286034989.0,0.0,0.0,0.0,400.0,0.0,0.0,0.0,0.0,1668050458.35401
287034892.0,0.0,0.0,0.0,400.0,0.0,0.0,0.0,0.0,1668050459.353913
288034856.0,0.0,0.0,0.0,400.0,0.0,0.0,0.0,0.0,1668050460.353877
289034845.0,0.0,0.0,0.0,400.0,0.0,0.0,0.0,0.0,1668050461.353866
290046820.0,0.0,0.0,0.0,400.0,0.0,0.0,0.0,0.0,1668050462.365841
291047074.0,0.0,0.0,0.0,400.0,0.0,0.0,0.0,0.0,1668050463.366095
292046929.0,0.0,0.0,0.0,400.0,0.0,0.0,0.0,0.0,1668050464.3659499
293046943.0,0.0,0.0,0.0,400.0,0.0,0.0,0.0,0.0,1668050465.365964
294046833.0,0.0,0.0,0.0,400.0,0.0,0.0,0.0,0.0,1668050466.365854
295047039.0,0.0,0.0,0.0,400.0,0.0,0.0,0.0,0.0,1668050467.36606
296046702.0,0.0,0.0,0.0,400.0,0.0,0.0,0.0,0.0,1668050468.365723
297046706.0,0.0,0.0,0.0,400.0,0.0,0.0,0.0,0.0,1668050469.365727
298046750.0,0.0,0.0,0.0,400.0,0.0,0.0,0.0,0.0,1668050470.365771
299046731.0,0.0,0.0,0.0,400.0,0.0,0.0,0.0,0.0,1668050471.365752
300046852.0,0.0,0.0,0.0,400.0,0.0,0.0,0.0,0.0,1668050472.365873
301046855.0,0.0,0.0,0.0,400.0,0.0,0.0,0.0,0.0,1668050473.365876
302046732.0,0.0,0.0,0.0,400.0,0.0,0.0,0.0,0.0,1668050474.365753
303046715.0,0.0,0.0,0.0,400.0,0.0,0.0,0.0,0.0,1668050475.365736
304046713.0,0.0,0.0,0.0,400.0,0.0,0.0,0.0,0.0,1668050476.365734
305046918.0,0.0,0.0,0.0,400.0,0.0,0.0,0.0,0.0,1668050477.365939
306046826.0,0.0,0.0,0.0,400.0,0.0,0.0,0.0,0.0,1668050478.3658469
307046789.0,0.0,0.0,0.0,400.0,0.0,0.0,0.0,0.0,1668050479.36581
308046903.0,0.0,0.0,0.0,400.0,0.0,0.0,0.0,0.0,1668050480.365924
309046923.0,0.0,0.0,0.0,400.0,0.0,0.0,0.0,0.0,1668050481.365944
310046910.0,0.0,0.0,0.0,400.0,0.0,0.0,0.0,0.0,1668050482.365931
311046876.0,0.0,0.0,0.0,400.0,0.0,0.0,0.0,0.0,1668050483.365897
312046700.0,0.0,0.0,0.0,400.0,0.0,0.0,0.0,0.0,1668050484.365721
313046895.0,0.0,0.0,0.0,400.0,0.0,0.0,0.0,0.0,1668050485.365916
314046732.0,0.0,0.0,0.0,400.0,0.0,0.0,0.0,0.0,1668050486.365753
315046846.0,0.0,0.0,0.0,400.0,0.0,0.0,0.0,0.0,1668050487.365867
316046769.0,0.0,0.0,0.0,400.0,0.0,0.0,0.0,0.0,1668050488.36579
317046706.0,0.0,0.0,0.0,400.0,0.0,0.0,0.0,0.0,1668050489.365727
318046850.0,0.0,0.0,0.0,400.0,0.0,0.0,0.0,0.0,1668050490.365871
319046731.0,0.0,0.0,0.0,400.0,0.0,0.0,0.0,0.0,1668050491.365752
320046706.0,0.0,0.0,0.0,400.0,0.0,0.0,0.0,0.0,1668050492.365727
321046775.0,0.0,0.0,0.0,400.0,0.0,0.0,0.0,0.0,1668050493.365796
322046749.0,0.0,0.0,0.0,400.0,0.0,0.0,0.0,0.0,1668050494.36577
323046753.0,0.0,0.0,0.0,400.0,0.0,0.0,0.0,0.0,1668050495.365774
324046747.0,0.0,0.0,0.0,400.0,0.0,0.0,0.0,0.0,1668050496.365768
325046913.0,0.0,0.0,0.0,400.0,0.0,0.0,0.0,0.0,1668050497.365934
326046748.0,0.0,0.0,0.0,400.0,0.0,0.0,0.0,0.0,1668050498.365769
327046875.0,0.0,0.0,0.0,400.0,0.0,0.0,0.0,0.0,1668050499.365896
328046789.0,0.0,0.0,0.0,400.0,0.0,0.0,0.0,0.0,1668050500.36581
329046810.0,0.0,0.0,0.0,400.0,0.0,0.0,0.0,0.0,1668050501.365831
330046796.0,0.0,0.0,0.0,400.0,0.0,0.0,0.0,0.0,1668050502.365817
331046778.0,0.0,0.0,0.0,400.0,0.0,0.0,0.0,0.0,1668050503.365799
332046720.0,0.0,0.0,0.0,400.0,0.0,0.0,0.0,0.0,1668050504.365741
333046790.0,0.0,0.0,0.0,400.0,0.0,0.0,0.0,0.0,1668050505.3658109
334046728.0,0.0,0.0,0.0,400.0,0.0,0.0,0.0,0.0,1668050506.365749
335046742.0,0.0,0.0,0.0,400.0,0.0,0.0,0.0,0.0,1668050507.365763
336046864.0,0.0,0.0,0.0,400.0,0.0,0.0,0.0,0.0,1668050508.365885
336884759.0,0.0,0.0,0.0,400.0,0.0,0.0,0.0,0.0,1668050509.20378
337884799.0,0.0,0.0,0.0,400.0,0.0,0.0,0.0,0.0,1668050510.20382
338884749.0,0.0,0.0,0.0,400.0,0.0,0.0,0.0,0.0,1668050511.20377
339884728.0,0.0,0.0,0.0,400.0,0.0,0.0,0.0,0.0,1668050512.203749
340884804.0,0.0,0.0,0.0,400.0,0.0,0.0,0.0,0.0,1668050513.203825
341884689.0,0.0,0.0,0.0,400.0,0.0,0.0,0.0,0.0,1668050514.20371
342884805.0,0.0,0.0,0.0,400.0,0.0,0.0,0.0,0.0,1668050515.203826
343884806.0,0.0,0.0,0.0,400.0,0.0,0.0,0.0,0.0,1668050516.203827
344884705.0,0.0,0.0,0.0,400.0,0.0,0.0,0.0,0.0,1668050517.203726
345884862.0,0.0,0.0,0.0,400.0,0.0,0.0,0.0,0.0,1668050518.203883
346884761.0,0.0,0.0,0.0,400.0,0.0,0.0,0.0,0.0,1668050519.203782
347886533.0,0.0,0.0,0.0,400.0,0.0,0.0,0.0,0.0,1668050520.205554
348886236.0,0.0,0.0,0.0,400.0,0.0,0.0,0.0,0.0,1668050521.205257
349886510.0,0.0,0.0,0.0,400.0,0.0,0.0,0.0,0.0,1668050522.205531
350886608.0,0.0,0.0,0.0,400.0,0.0,0.0,0.0,0.0,1668050523.2056289
351886613.0,0.0,0.0,0.0,400.0,0.0,0.0,0.0,0.0,1668050524.2056339
352886578.0,0.0,0.0,0.0,400.0,0.0,0.0,0.0,0.0,1668050525.205599
353886698.0,0.0,0.0,0.0,400.0,0.0,0.0,0.0,0.0,1668050526.205719
354886643.0,0.0,0.0,0.0,400.0,0.0,0.0,0.0,0.0,1668050527.205664
355886548.0,0.0,0.0,0.0,400.0,0.0,0.0,0.0,0.0,1668050528.205569
356886603.0,0.0,0.0,0.0,400.0,0.0,0.0,0.0,0.0,1668050529.205624
357886648.0,0.0,0.0,0.0,400.0,0.0,0.0,0.0,0.0,1668050530.205669
358886612.0,0.0,0.0,0.0,400.0,0.0,0.0,0.0,0.0,1668050531.205633
359886605.0,0.0,0.0,0.0,400.0,0.0,0.0,0.0,0.0,1668050532.205626
360886596.0,0.0,0.0,0.0,400.0,0.0,0.0,0.0,0.0,1668050533.205617
361886632.0,0.0,0.0,0.0,400.0,0.0,0.0,0.0,0.0,1668050534.205653
362886719.0,0.0,0.0,0.0,400.0,0.0,0.0,0.0,0.0,1668050535.20574
363886611.0,0.0,0.0,0.0,400.0,0.0,0.0,0.0,0.0,1668050536.205632
364886583.0,0.0,0.0,0.0,400.0,0.0,0.0,0.0,0.0,1668050537.205604
365886624.0,0.0,0.0,0.0,400.0,0.0,0.0,0.0,0.0,1668050538.205645
366886457.0,0.0,0.0,0.0,400.0,0.0,0.0,0.0,0.0,1668050539.205478
367886472.0,0.0,0.0,0.0,400.0,0.0,0.0,0.0,0.0,1668050540.205493
368886552.0,0.0,0.0,0.0,400.0,0.0,0.0,0.0,0.0,1668050541.205573
369886467.0,0.0,0.0,0.0,400.0,0.0,0.0,0.0,0.0,1668050542.205488
370886588.0,0.0,0.0,0.0,400.0,0.0,0.0,0.0,0.0,1668050543.205609
371886737.0,0.0,0.0,0.0,400.0,0.0,0.0,0.0,0.0,1668050544.205758
372886945.0,0.0,0.0,0.0,400.0,0.0,0.0,0.0,0.0,1668050545.205966
373886893.0,0.0,0.0,0.0,400.0,0.0,0.0,0.0,0.0,1668050546.205914
374886906.0,0.0,0.0,0.0,400.0,0.0,0.0,0.0,0.0,1668050547.205927
375886954.0,0.0,0.0,0.0,400.0,0.0,0.0,0.0,0.0,1668050548.205975
376887035.0,0.0,0.0,0.0,400.0,0.0,0.0,0.0,0.0,1668050549.2060559
377886821.0,0.0,0.0,0.0,400.0,0.0,0.0,0.0,0.0,1668050550.205842
378887136.0,0.0,0.0,0.0,400.0,0.0,0.0,0.0,0.0,1668050551.206157
379886946.0,0.0,0.0,0.0,400.0,0.0,0.0,0.0,0.0,1668050552.205967
380887162.0,0.0,0.0,0.0,400.0,0.0,0.0,0.0,0.0,1668050553.206183
381886968.0,0.0,0.0,0.0,400.0,0.0,0.0,0.0,0.0,1668050554.205989
382887012.0,0.0,0.0,0.0,400.0,0.0,0.0,0.0,0.0,1668050555.206033
383887129.0,0.0,0.0,0.0,400.0,0.0,0.0,0.0,0.0,1668050556.20615
384887028.0,0.0,0.0,0.0,400.0,0.0,0.0,0.0,0.0,1668050557.206049
385886999.0,0.0,0.0,0.0,400.0,0.0,0.0,0.0,0.0,1668050558.2060199
386887153.0,0.0,0.0,0.0,400.0,0.0,0.0,0.0,0.0,1668050559.206174
387887250.0,0.0,0.0,0.0,400.0,0.0,0.0,0.0,0.0,1668050560.206271
388887059.0,0.0,0.0,0.0,400.0,0.0,0.0,0.0,0.0,1668050561.20608
389887246.0,0.0,0.0,0.0,400.0,0.0,0.0,0.0,0.0,1668050562.2062669
390887179.0,0.0,0.0,0.0,400.0,0.0,0.0,0.0,0.0,1668050563.2062
391887238.0,0.0,0.0,0.0,400.0,0.0,0.0,0.0,0.0,1668050564.206259
392887283.0,0.0,0.0,0.0,400.0,0.0,0.0,0.0,0.0,1668050565.206304
393887113.0,0.0,0.0,0.0,400.0,0.0,0.0,0.0,0.0,1668050566.206134
394887143.0,0.0,0.0,0.0,400.0,0.0,0.0,0.0,0.0,1668050567.206164
395887184.0,0.0,0.0,0.0,400.0,0.0,0.0,0.0,0.0,1668050568.206205
396887429.0,0.0,0.0,0.0,400.0,0.0,0.0,0.0,0.0,1668050569.20645
397887232.0,0.0,0.0,0.0,400.0,0.0,0.0,0.0,0.0,1668050570.206253
398889794.0,0.0,0.0,0.0,400.0,0.0,0.0,0.0,0.0,1668050571.208815
399889586.0,0.0,0.0,0.0,400.0,0.0,0.0,0.0,0.0,1668050572.208607
400889874.0,0.0,0.0,0.0,400.0,0.0,0.0,0.0,0.0,1668050573.208895
401889255.0,0.0,0.0,0.0,400.0,0.0,0.0,0.0,0.0,1668050574.208276
402889595.0,0.0,0.0,0.0,400.0,0.0,0.0,0.0,0.0,1668050575.208616
403889479.0,0.0,0.0,0.0,400.0,0.0,0.0,0.0,0.0,1668050576.2085
404889395.0,0.0,0.0,0.0,400.0,0.0,0.0,0.0,0.0,1668050577.208416
405889311.0,0.0,0.0,0.0,400.0,0.0,0.0,0.0,0.0,1668050578.208332
406889322.0,0.0,0.0,0.0,400.0,0.0,0.0,0.0,0.0,1668050579.208343
407889374.0,0.0,0.0,0.0,400.0,0.0,0.0,0.0,0.0,1668050580.208395
408889609.0,0.0,0.0,0.0,400.0,0.0,0.0,0.0,0.0,1668050581.20863
409889549.0,0.0,0.0,0.0,400.0,0.0,0.0,0.0,0.0,1668050582.20857
410889157.0,0.0,0.0,0.0,400.0,0.0,0.0,0.0,0.0,1668050583.208178
411889339.0,0.0,0.0,0.0,400.0,0.0,0.0,0.0,0.0,1668050584.20836
412889536.0,0.0,0.0,0.0,400.0,0.0,0.0,0.0,0.0,1668050585.208557
413889341.0,0.0,0.0,0.0,400.0,0.0,0.0,0.0,0.0,1668050586.208362
414889345.0,0.0,0.0,0.0,400.0,0.0,0.0,0.0,0.0,1668050587.208366
415889511.0,0.0,0.0,0.0,400.0,0.0,0.0,0.0,0.0,1668050588.208532
416889382.0,0.0,0.0,0.0,400.0,0.0,0.0,0.0,0.0,1668050589.2084029
417889335.0,0.0,0.0,0.0,400.0,0.0,0.0,0.0,0.0,1668050590.208356
418889567.0,0.0,0.0,0.0,400.0,0.0,0.0,0.0,0.0,1668050591.208588
419889938.0,0.0,0.0,0.0,400.0,0.0,0.0,0.0,0.0,1668050592.208959
420889417.0,0.0,0.0,0.0,400.0,0.0,0.0,0.0,0.0,1668050593.208438
421889371.0,0.0,0.0,0.0,400.0,0.0,0.0,0.0,0.0,1668050594.208392
422889337.0,0.0,0.0,0.0,400.0,0.0,0.0,0.0,0.0,1668050595.208358
423889241.0,0.0,0.0,0.0,400.0,0.0,0.0,0.0,0.0,1668050596.208262
424889372.0,0.0,0.0,0.0,400.0,0.0,0.0,0.0,0.0,1668050597.208393
425889381.0,0.0,0.0,0.0,400.0,0.0,0.0,0.0,0.0,1668050598.208402
426889369.0,0.0,0.0,0.0,400.0,0.0,0.0,0.0,0.0,1668050599.20839
427889573.0,0.0,0.0,0.0,400.0,0.0,0.0,0.0,0.0,1668050600.208594
428889348.0,0.0,0.0,0.0,400.0,0.0,0.0,0.0,0.0,1668050601.208369
429889415.0,0.0,0.0,0.0,400.0,0.0,0.0,0.0,0.0,1668050602.208436
430889448.0,0.0,0.0,0.0,400.0,0.0,0.0,0.0,0.0,1668050603.208469
431889284.0,0.0,0.0,0.0,400.0,0.0,0.0,0.0,0.0,1668050604.208305
432889265.0,0.0,0.0,0.0,400.0,0.0,0.0,0.0,0.0,1668050605.208286
433889517.0,0.0,0.0,0.0,400.0,0.0,0.0,0.0,0.0,1668050606.208538
434889390.0,0.0,0.0,0.0,400.0,0.0,0.0,0.0,0.0,1668050607.208411
435889374.0,0.0,0.0,0.0,400.0,0.0,0.0,0.0,0.0,1668050608.208395
436889454.0,0.0,0.0,0.0,400.0,0.0,0.0,0.0,0.0,1668050609.2084749
437889330.0,0.0,0.0,0.0,400.0,0.0,0.0,0.0,0.0,1668050610.208351
438889390.0,0.0,0.0,0.0,400.0,0.0,0.0,0.0,0.0,1668050611.208411
439889344.0,0.0,0.0,0.0,400.0,0.0,0.0,0.0,0.0,1668050612.208365
440889454.0,0.0,0.0,0.0,400.0,0.0,0.0,0.0,0.0,1668050613.2084749
441889351.0,0.0,0.0,0.0,400.0,0.0,0.0,0.0,0.0,1668050614.2083719
442889285.0,0.0,0.0,0.0,400.0,0.0,0.0,0.0,0.0,1668050615.208306
443889360.0,0.0,0.0,0.0,400.0,0.0,0.0,0.0,0.0,1668050616.208381
444889277.0,0.0,0.0,0.0,400.0,0.0,0.0,0.0,0.0,1668050617.208298
445889415.0,0.0,0.0,0.0,400.0,0.0,0.0,0.0,0.0,1668050618.208436
446889324.0,0.0,0.0,0.0,400.0,0.0,0.0,0.0,0.0,1668050619.208345
447889247.0,0.0,0.0,0.0,400.0,0.0,0.0,0.0,0.0,1668050620.208268
448889295.0,0.0,0.0,0.0,400.0,0.0,0.0,0.0,0.0,1668050621.208316
449889260.0,0.0,0.0,0.0,400.0,0.0,0.0,0.0,0.0,1668050622.208281
450889227.0,0.0,0.0,0.0,400.0,0.0,0.0,0.0,0.0,1668050623.208248
451889356.0,0.0,0.0,0.0,400.0,0.0,0.0,0.0,0.0,1668050624.208377
452889331.0,0.0,0.0,0.0,400.0,0.0,0.0,0.0,0.0,1668050625.208352
453889279.0,0.0,0.0,0.0,400.0,0.0,0.0,0.0,0.0,1668050626.2082999
454889620.0,0.0,0.0,0.0,400.0,0.0,0.0,0.0,0.0,1668050627.208641
455889284.0,0.0,0.0,0.0,400.0,0.0,0.0,0.0,0.0,1668050628.208305
456889299.0,0.0,0.0,0.0,400.0,0.0,0.0,0.0,0.0,1668050629.20832
457889276.0,0.0,0.0,0.0,400.0,0.0,0.0,0.0,0.0,1668050630.208297
458889310.0,0.0,0.0,0.0,400.0,0.0,0.0,0.0,0.0,1668050631.2083309
459889264.0,0.0,0.0,0.0,400.0,0.0,0.0,0.0,0.0,1668050632.208285
460889549.0,0.0,0.0,0.0,400.0,0.0,0.0,0.0,0.0,1668050633.20857
461889256.0,0.0,0.0,0.0,400.0,0.0,0.0,0.0,0.0,1668050634.208277
462889337.0,0.0,0.0,0.0,400.0,0.0,0.0,0.0,0.0,1668050635.208358
463889518.0,0.0,0.0,0.0,400.0,0.0,0.0,0.0,0.0,1668050636.208539
464889339.0,0.0,0.0,0.0,400.0,0.0,0.0,0.0,0.0,1668050637.20836
465889487.0,0.0,0.0,0.0,400.0,0.0,0.0,0.0,0.0,1668050638.208508
466889261.0,0.0,0.0,0.0,400.0,0.0,0.0,0.0,0.0,1668050639.208282
467889263.0,0.0,0.0,0.0,400.0,0.0,0.0,0.0,0.0,1668050640.208284
468889330.0,0.0,0.0,0.0,400.0,0.0,0.0,0.0,0.0,1668050641.208351
469889329.0,0.0,0.0,0.0,400.0,0.0,0.0,0.0,0.0,1668050642.20835
470889232.0,0.0,0.0,0.0,400.0,0.0,0.0,0.0,0.0,1668050643.208253
471889276.0,0.0,0.0,0.0,400.0,0.0,0.0,0.0,0.0,1668050644.208297
472889423.0,0.0,0.0,0.0,400.0,0.0,0.0,0.0,0.0,1668050645.2084439
473889313.0,0.0,0.0,0.0,400.0,0.0,0.0,0.0,0.0,1668050646.208334
474889229.0,0.0,0.0,0.0,400.0,0.0,0.0,0.0,0.0,1668050647.20825
475889414.0,0.0,0.0,0.0,400.0,0.0,0.0,0.0,0.0,1668050648.208435
476889221.0,0.0,0.0,0.0,400.0,0.0,0.0,0.0,0.0,1668050649.208242
477889316.0,0.0,0.0,0.0,400.0,0.0,0.0,0.0,0.0,1668050650.208337
478889251.0,0.0,0.0,0.0,400.0,0.0,0.0,0.0,0.0,1668050651.208272
479889395.0,0.0,0.0,0.0,400.0,0.0,0.0,0.0,0.0,1668050652.208416
480889346.0,0.0,0.0,0.0,400.0,0.0,0.0,0.0,0.0,1668050653.2083669
481889536.0,0.0,0.0,0.0,400.0,0.0,0.0,0.0,0.0,1668050654.208557
482889290.0,0.0,0.0,0.0,400.0,0.0,0.0,0.0,0.0,1668050655.208311
483889305.0,0.0,0.0,0.0,400.0,0.0,0.0,0.0,0.0,1668050656.208326
484889258.0,0.0,0.0,0.0,400.0,0.0,0.0,0.0,0.0,1668050657.208279
485889249.0,0.0,0.0,0.0,400.0,0.0,0.0,0.0,0.0,1668050658.20827
486889261.0,0.0,0.0,0.0,400.0,0.0,0.0,0.0,0.0,1668050659.208282
487889384.0,0.0,0.0,0.0,400.0,0.0,0.0,0.0,0.0,1668050660.208405
488889275.0,0.0,0.0,0.0,400.0,0.0,0.0,0.0,0.0,1668050661.208296
489889327.0,0.0,0.0,0.0,400.0,0.0,0.0,0.0,0.0,1668050662.208348
490890119.0,0.0,0.0,0.0,400.0,0.0,0.0,0.0,0.0,1668050663.20914
491889314.0,0.0,0.0,0.0,400.0,0.0,0.0,0.0,0.0,1668050664.208335
492889317.0,0.0,0.0,0.0,400.0,0.0,0.0,0.0,0.0,1668050665.208338
493889225.0,0.0,0.0,0.0,400.0,0.0,0.0,0.0,0.0,1668050666.208246
494889368.0,0.0,0.0,0.0,400.0,0.0,0.0,0.0,0.0,1668050667.208389
495889854.0,0.0,0.0,0.0,400.0,0.0,0.0,0.0,0.0,1668050668.208875
496889415.0,0.0,0.0,0.0,400.0,0.0,0.0,0.0,0.0,1668050669.208436
497889281.0,0.0,0.0,0.0,400.0,0.0,0.0,0.0,0.0,1668050670.208302
498889290.0,0.0,0.0,0.0,400.0,0.0,0.0,0.0,0.0,1668050671.208311
499889917.0,0.0,0.0,0.0,400.0,0.0,0.0,0.0,0.0,1668050672.208938
500726504.0,0.0,0.0,0.0,400.0,0.0,0.0,0.0,0.0,1668050673.045525
501726647.0,0.0,0.0,0.0,400.0,0.0,0.0,0.0,0.0,1668050674.045668
502726568.0,0.0,0.0,0.0,400.0,0.0,0.0,0.0,0.0,1668050675.045589
503726610.0,0.0,0.0,0.0,400.0,0.0,0.0,0.0,0.0,1668050676.045631
504726940.0,0.0,0.0,0.0,400.0,0.0,0.0,0.0,0.0,1668050677.045961
505726665.0,0.0,0.0,0.0,400.0,0.0,0.0,0.0,0.0,1668050678.045686
506726586.0,0.0,0.0,0.0,400.0,0.0,0.0,0.0,0.0,1668050679.045607
507726442.0,0.0,0.0,0.0,400.0,0.0,0.0,0.0,0.0,1668050680.045463
508726660.0,0.0,0.0,0.0,400.0,0.0,0.0,0.0,0.0,1668050681.045681
509726608.0,0.0,0.0,0.0,400.0,0.0,0.0,0.0,0.0,1668050682.045629
510726537.0,0.0,0.0,0.0,400.0,0.0,0.0,0.0,0.0,1668050683.045558
511726580.0,0.0,0.0,0.0,400.0,0.0,0.0,0.0,0.0,1668050684.045601
512726600.0,0.0,0.0,0.0,400.0,0.0,0.0,0.0,0.0,1668050685.045621
513726654.0,0.0,0.0,0.0,400.0,0.0,0.0,0.0,0.0,1668050686.045675
514726676.0,0.0,0.0,0.0,400.0,0.0,0.0,0.0,0.0,1668050687.045697
515726719.0,0.0,0.0,0.0,400.0,0.0,0.0,0.0,0.0,1668050688.04574
516726483.0,0.0,0.0,0.0,400.0,0.0,0.0,0.0,0.0,1668050689.045504
517726572.0,0.0,0.0,0.0,400.0,0.0,0.0,0.0,0.0,1668050690.045593
518726730.0,0.0,0.0,0.0,400.0,0.0,0.0,0.0,0.0,1668050691.045751
519726619.0,0.0,0.0,0.0,400.0,0.0,0.0,0.0,0.0,1668050692.04564
520726539.0,0.0,0.0,0.0,400.0,0.0,0.0,0.0,0.0,1668050693.04556
521742844.0,0.0,0.0,0.0,400.0,0.0,0.0,0.0,0.0,1668050694.061865
522742708.0,0.0,0.0,0.0,400.0,0.0,0.0,0.0,0.0,1668050695.061729
523742810.0,0.0,0.0,0.0,400.0,0.0,0.0,0.0,0.0,1668050696.061831
524742696.0,0.0,0.0,0.0,400.0,0.0,0.0,0.0,0.0,1668050697.061717
525742712.0,0.0,0.0,0.0,400.0,0.0,0.0,0.0,0.0,1668050698.061733
526742697.0,0.0,0.0,0.0,400.0,0.0,0.0,0.0,0.0,1668050699.061718
527742828.0,0.0,0.0,0.0,400.0,0.0,0.0,0.0,0.0,1668050700.0618489
528742805.0,0.0,0.0,0.0,400.0,0.0,0.0,0.0,0.0,1668050701.061826
529742688.0,0.0,0.0,0.0,400.0,0.0,0.0,0.0,0.0,1668050702.061709
530742784.0,0.0,0.0,0.0,400.0,0.0,0.0,0.0,0.0,1668050703.061805
531742690.0,0.0,0.0,0.0,400.0,0.0,0.0,0.0,0.0,1668050704.061711
532742889.0,0.0,0.0,0.0,400.0,0.0,0.0,0.0,0.0,1668050705.06191
533742843.0,0.0,0.0,0.0,400.0,0.0,0.0,0.0,0.0,1668050706.061864
534742809.0,0.0,0.0,0.0,400.0,0.0,0.0,0.0,0.0,1668050707.06183
535742669.0,0.0,0.0,0.0,400.0,0.0,0.0,0.0,0.0,1668050708.06169
739582856.0,0.0,0.0,0.0,400.0,0.0,0.0,0.0,0.0,1668050911.901877
740582886.0,0.0,0.0,0.0,400.0,0.0,0.0,0.0,0.0,1668050912.901907
741582874.0,0.0,0.0,0.0,400.0,0.0,0.0,0.0,0.0,1668050913.901895
742582910.0,0.0,0.0,0.0,400.0,0.0,0.0,0.0,0.0,1668050914.901931
743583023.0,0.0,0.0,0.0,400.0,0.0,0.0,0.0,0.0,1668050915.902044
744582939.0,0.0,0.0,0.0,400.0,0.0,0.0,0.0,0.0,1668050916.90196
745582791.0,0.0,0.0,0.0,400.0,0.0,0.0,0.0,0.0,1668050917.901812
746582813.0,0.0,0.0,0.0,400.0,0.0,0.0,0.0,0.0,1668050918.901834
747582923.0,0.0,0.0,0.0,400.0,0.0,0.0,0.0,0.0,1668050919.901944
748582847.0,0.0,0.0,0.0,400.0,0.0,0.0,0.0,0.0,1668050920.901868
749583039.0,0.0,0.0,0.0,400.0,0.0,0.0,0.0,0.0,1668050921.90206
750582853.0,0.0,0.0,0.0,400.0,0.0,0.0,0.0,0.0,1668050922.901874
751582851.0,0.0,0.0,0.0,400.0,0.0,0.0,0.0,0.0,1668050923.901872
752582987.0,0.0,0.0,0.0,400.0,0.0,0.0,0.0,0.0,1668050924.902008
753582987.0,0.0,0.0,0.0,400.0,0.0,0.0,0.0,0.0,1668050925.902008
754582884.0,0.0,0.0,0.0,400.0,0.0,0.0,0.0,0.0,1668050926.901905
755582852.0,0.0,0.0,0.0,400.0,0.0,0.0,0.0,0.0,1668050927.9018729
756582855.0,0.0,0.0,0.0,400.0,0.0,0.0,0.0,0.0,1668050928.901876
757582998.0,0.0,0.0,0.0,400.0,0.0,0.0,0.0,0.0,1668050929.902019
758583001.0,0.0,0.0,0.0,400.0,0.0,0.0,0.0,0.0,1668050930.902022
759582873.0,0.0,0.0,0.0,400.0,0.0,0.0,0.0,0.0,1668050931.901894
760582942.0,0.0,0.0,0.0,400.0,0.0,0.0,0.0,0.0,1668050932.901963
761583140.0,0.0,0.0,0.0,400.0,0.0,0.0,0.0,0.0,1668050933.902161
762582882.0,0.0,0.0,0.0,400.0,0.0,0.0,0.0,0.0,1668050934.901903
763583063.0,0.0,0.0,0.0,400.0,0.0,0.0,0.0,0.0,1668050935.9020839
764583018.0,0.0,0.0,0.0,400.0,0.0,0.0,0.0,0.0,1668050936.902039
765582863.0,0.0,0.0,0.0,400.0,0.0,0.0,0.0,0.0,1668050937.901884
766582850.0,0.0,0.0,0.0,400.0,0.0,0.0,0.0,0.0,1668050938.901871
767582942.0,0.0,0.0,0.0,400.0,0.0,0.0,0.0,0.0,1668050939.901963
768583065.0,0.0,0.0,0.0,400.0,0.0,0.0,0.0,0.0,1668050940.902086
769582919.0,0.0,0.0,0.0,400.0,0.0,0.0,0.0,0.0,1668050941.9019399
770583190.0,0.0,0.0,0.0,400.0,0.0,0.0,0.0,0.0,1668050942.902211
771582862.0,0.0,0.0,0.0,400.0,0.0,0.0,0.0,0.0,1668050943.901883
772582911.0,0.0,0.0,0.0,400.0,0.0,0.0,0.0,0.0,1668050944.901932
773582790.0,0.0,0.0,0.0,400.0,0.0,0.0,0.0,0.0,1668050945.901811
774582976.0,0.0,0.0,0.0,400.0,0.0,0.0,0.0,0.0,1668050946.901997
775582887.0,0.0,0.0,0.0,400.0,0.0,0.0,0.0,0.0,1668050947.901908
776582930.0,0.0,0.0,0.0,400.0,0.0,0.0,0.0,0.0,1668050948.901951
777582894.0,0.0,0.0,0.0,400.0,0.0,0.0,0.0,0.0,1668050949.901915
778583062.0,0.0,0.0,0.0,400.0,0.0,0.0,0.0,0.0,1668050950.902083
779583009.0,0.0,0.0,0.0,400.0,0.0,0.0,0.0,0.0,1668050951.90203
780582820.0,0.0,0.0,0.0,400.0,0.0,0.0,0.0,0.0,1668050952.901841
781582960.0,0.0,0.0,0.0,400.0,0.0,0.0,0.0,0.0,1668050953.9019809
782582851.0,0.0,0.0,0.0,400.0,0.0,0.0,0.0,0.0,1668050954.901872
783582925.0,0.0,0.0,0.0,400.0,0.0,0.0,0.0,0.0,1668050955.901946
784583137.0,0.0,0.0,0.0,400.0,0.0,0.0,0.0,0.0,1668050956.902158
785582994.0,0.0,0.0,0.0,400.0,0.0,0.0,0.0,0.0,1668050957.902015
786582902.0,0.0,0.0,0.0,400.0,0.0,0.0,0.0,0.0,1668050958.901923
787582891.0,0.0,0.0,0.0,400.0,0.0,0.0,0.0,0.0,1668050959.901912
788583100.0,0.0,0.0,0.0,400.0,0.0,0.0,0.0,0.0,1668050960.902121
789582906.0,0.0,0.0,0.0,400.0,0.0,0.0,0.0,0.0,1668050961.901927
790583102.0,0.0,0.0,0.0,400.0,0.0,0.0,0.0,0.0,1668050962.902123
791583010.0,0.0,0.0,0.0,400.0,0.0,0.0,0.0,0.0,1668050963.902031
792582922.0,0.0,0.0,0.0,400.0,0.0,0.0,0.0,0.0,1668050964.901943
793582882.0,0.0,0.0,0.0,400.0,0.0,0.0,0.0,0.0,1668050965.901903
794582950.0,0.0,0.0,0.0,400.0,0.0,0.0,0.0,0.0,1668050966.901971
795582883.0,0.0,0.0,0.0,400.0,0.0,0.0,0.0,0.0,1668050967.9019039
796583019.0,0.0,0.0,0.0,400.0,0.0,0.0,0.0,0.0,1668050968.90204
797583115.0,0.0,0.0,0.0,400.0,0.0,0.0,0.0,0.0,1668050969.902136
798582859.0,0.0,0.0,0.0,400.0,0.0,0.0,0.0,0.0,1668050970.90188
799582858.0,0.0,0.0,0.0,400.0,0.0,0.0,0.0,0.0,1668050971.901879
800583128.0,0.0,0.0,0.0,400.0,0.0,0.0,0.0,0.0,1668050972.902149
801582898.0,0.0,0.0,0.0,400.0,0.0,0.0,0.0,0.0,1668050973.901919
802582926.0,0.0,0.0,0.0,400.0,0.0,0.0,0.0,0.0,1668050974.901947
803582909.0,0.0,0.0,0.0,400.0,0.0,0.0,0.0,0.0,1668050975.90193
804582897.0,0.0,0.0,0.0,400.0,0.0,0.0,0.0,0.0,1668050976.901918
805582966.0,0.0,0.0,0.0,400.0,0.0,0.0,0.0,0.0,1668050977.901987
806583100.0,0.0,0.0,0.0,400.0,0.0,0.0,0.0,0.0,1668050978.902121
807582900.0,0.0,0.0,0.0,400.0,0.0,0.0,0.0,0.0,1668050979.901921
808582919.0,0.0,0.0,0.0,400.0,0.0,0.0,0.0,0.0,1668050980.9019399
809582855.0,0.0,0.0,0.0,400.0,0.0,0.0,0.0,0.0,1668050981.901876
810582910.0,0.0,0.0,0.0,400.0,0.0,0.0,0.0,0.0,1668050982.901931
811583026.0,0.0,0.0,0.0,400.0,0.0,0.0,0.0,0.0,1668050983.902047
812582873.0,0.0,0.0,0.0,400.0,0.0,0.0,0.0,0.0,1668050984.901894
813582892.0,0.0,0.0,0.0,400.0,0.0,0.0,0.0,0.0,1668050985.901913
814582945.0,0.0,0.0,0.0,400.0,0.0,0.0,0.0,0.0,1668050986.901966
815582963.0,0.0,0.0,0.0,400.0,0.0,0.0,0.0,0.0,1668050987.901984
816583031.0,0.0,0.0,0.0,400.0,0.0,0.0,0.0,0.0,1668050988.902052
817582823.0,0.0,0.0,0.0,400.0,0.0,0.0,0.0,0.0,1668050989.901844
818583052.0,0.0,0.0,0.0,400.0,0.0,0.0,0.0,0.0,1668050990.902073
819582974.0,0.0,0.0,0.0,400.0,0.0,0.0,0.0,0.0,1668050991.901995
820583061.0,0.0,0.0,0.0,400.0,0.0,0.0,0.0,0.0,1668050992.902082
821582936.0,0.0,0.0,0.0,400.0,0.0,0.0,0.0,0.0,1668050993.901957
822582892.0,0.0,0.0,0.0,400.0,0.0,0.0,0.0,0.0,1668050994.901913
823582983.0,0.0,0.0,0.0,400.0,0.0,0.0,0.0,0.0,1668050995.902004
824582975.0,0.0,0.0,0.0,400.0,0.0,0.0,0.0,0.0,1668050996.901996
825582974.0,0.0,0.0,0.0,400.0,0.0,0.0,0.0,0.0,1668050997.901995
826582961.0,0.0,0.0,0.0,400.0,0.0,0.0,0.0,0.0,1668050998.901982
827582939.0,0.0,0.0,0.0,400.0,0.0,0.0,0.0,0.0,1668050999.90196
828422499.0,0.0,0.0,0.0,400.0,0.0,0.0,0.0,0.0,1668051000.74152
829422441.0,0.0,0.0,0.0,400.0,0.0,0.0,0.0,0.0,1668051001.741462
830422554.0,0.0,0.0,0.0,400.0,0.0,0.0,0.0,0.0,1668051002.741575
831422735.0,0.0,0.0,0.0,400.0,0.0,0.0,0.0,0.0,1668051003.741756
832422751.0,0.0,0.0,0.0,400.0,0.0,0.0,0.0,0.0,1668051004.741772
833422670.0,0.0,0.0,0.0,400.0,0.0,0.0,0.0,0.0,1668051005.7416909
834422694.0,0.0,0.0,0.0,400.0,0.0,0.0,0.0,0.0,1668051006.741715
835422636.0,0.0,0.0,0.0,400.0,0.0,0.0,0.0,0.0,1668051007.741657
836422609.0,0.0,0.0,0.0,400.0,0.0,0.0,0.0,0.0,1668051008.74163
837422744.0,0.0,0.0,0.0,400.0,0.0,0.0,0.0,0.0,1668051009.741765
838422669.0,0.0,0.0,0.0,400.0,0.0,0.0,0.0,0.0,1668051010.74169
839422658.0,0.0,0.0,0.0,400.0,0.0,0.0,0.0,0.0,1668051011.741679
840422859.0,0.0,0.0,0.0,400.0,0.0,0.0,0.0,0.0,1668051012.74188
841422643.0,0.0,0.0,0.0,400.0,0.0,0.0,0.0,0.0,1668051013.741664
842422668.0,0.0,0.0,0.0,400.0,0.0,0.0,0.0,0.0,1668051014.741689
843422682.0,0.0,0.0,0.0,400.0,0.0,0.0,0.0,0.0,1668051015.741703
844422647.0,0.0,0.0,0.0,400.0,0.0,0.0,0.0,0.0,1668051016.741668
845422642.0,0.0,0.0,0.0,400.0,0.0,0.0,0.0,0.0,1668051017.741663
846422656.0,0.0,0.0,0.0,400.0,0.0,0.0,0.0,0.0,1668051018.741677
847422808.0,0.0,0.0,0.0,400.0,0.0,0.0,0.0,0.0,1668051019.741829
848422664.0,0.0,0.0,0.0,400.0,0.0,0.0,0.0,0.0,1668051020.741685
849422766.0,0.0,0.0,0.0,400.0,0.0,0.0,0.0,0.0,1668051021.741787
850422852.0,0.0,0.0,0.0,400.0,0.0,0.0,0.0,0.0,1668051022.741873
851422725.0,0.0,0.0,0.0,400.0,0.0,0.0,0.0,0.0,1668051023.741746
852422705.0,0.0,0.0,0.0,400.0,0.0,0.0,0.0,0.0,1668051024.741726
853422813.0,0.0,0.0,0.0,400.0,0.0,0.0,0.0,0.0,1668051025.741834
854422662.0,0.0,0.0,0.0,400.0,0.0,0.0,0.0,0.0,1668051026.741683
855422703.0,0.0,0.0,0.0,400.0,0.0,0.0,0.0,0.0,1668051027.741724
856422716.0,0.0,0.0,0.0,400.0,0.0,0.0,0.0,0.0,1668051028.741737
857422633.0,0.0,0.0,0.0,400.0,0.0,0.0,0.0,0.0,1668051029.741654
858422620.0,0.0,0.0,0.0,400.0,0.0,0.0,0.0,0.0,1668051030.741641
859422654.0,0.0,0.0,0.0,400.0,0.0,0.0,0.0,0.0,1668051031.741675
860423071.0,0.0,0.0,0.0,400.0,0.0,0.0,0.0,0.0,1668051032.742092
861422845.0,0.0,0.0,0.0,400.0,0.0,0.0,0.0,0.0,1668051033.7418659
862422908.0,0.0,0.0,0.0,400.0,0.0,0.0,0.0,0.0,1668051034.741929
863422825.0,0.0,0.0,0.0,400.0,0.0,0.0,0.0,0.0,1668051035.741846
864422772.0,0.0,0.0,0.0,400.0,0.0,0.0,0.0,0.0,1668051036.741793
865422848.0,0.0,0.0,0.0,400.0,0.0,0.0,0.0,0.0,1668051037.741869
866422926.0,0.0,0.0,0.0,400.0,0.0,0.0,0.0,0.0,1668051038.741947
867422753.0,0.0,0.0,0.0,400.0,0.0,0.0,0.0,0.0,1668051039.741774
868422776.0,0.0,0.0,0.0,400.0,0.0,0.0,0.0,0.0,1668051040.741797
869422809.0,0.0,0.0,0.0,400.0,0.0,0.0,0.0,0.0,1668051041.7418299
870422984.0,0.0,0.0,0.0,400.0,0.0,0.0,0.0,0.0,1668051042.7420049
871422855.0,0.0,0.0,0.0,400.0,0.0,0.0,0.0,0.0,1668051043.741876
872423123.0,0.0,0.0,0.0,400.0,0.0,0.0,0.0,0.0,1668051044.7421439
873422818.0,0.0,0.0,0.0,400.0,0.0,0.0,0.0,0.0,1668051045.741839
874422879.0,0.0,0.0,0.0,400.0,0.0,0.0,0.0,0.0,1668051046.7419
875422835.0,0.0,0.0,0.0,400.0,0.0,0.0,0.0,0.0,1668051047.741856
876422826.0,0.0,0.0,0.0,400.0,0.0,0.0,0.0,0.0,1668051048.741847
877422893.0,0.0,0.0,0.0,400.0,0.0,0.0,0.0,0.0,1668051049.741914
878422989.0,0.0,0.0,0.0,400.0,0.0,0.0,0.0,0.0,1668051050.7420099
879422828.0,0.0,0.0,0.0,400.0,0.0,0.0,0.0,0.0,1668051051.741849
880422898.0,0.0,0.0,0.0,400.0,0.0,0.0,0.0,0.0,1668051052.741919
881422916.0,0.0,0.0,0.0,400.0,0.0,0.0,0.0,0.0,1668051053.741937
882422757.0,0.0,0.0,0.0,400.0,0.0,0.0,0.0,0.0,1668051054.741778
883422785.0,0.0,0.0,0.0,400.0,0.0,0.0,0.0,0.0,1668051055.741806
884422804.0,0.0,0.0,0.0,400.0,0.0,0.0,0.0,0.0,1668051056.741825
885422813.0,0.0,0.0,0.0,400.0,0.0,0.0,0.0,0.0,1668051057.741834
886422763.0,0.0,0.0,0.0,400.0,0.0,0.0,0.0,0.0,1668051058.741784
887422916.0,0.0,0.0,0.0,400.0,0.0,0.0,0.0,0.0,1668051059.741937
888422785.0,0.0,0.0,0.0,400.0,0.0,0.0,0.0,0.0,1668051060.741806
889422990.0,0.0,0.0,0.0,400.0,0.0,0.0,0.0,0.0,1668051061.742011
890422788.0,0.0,0.0,0.0,400.0,0.0,0.0,0.0,0.0,1668051062.741809
891422855.0,0.0,0.0,0.0,400.0,0.0,0.0,0.0,0.0,1668051063.741876
892422796.0,0.0,0.0,0.0,400.0,0.0,0.0,0.0,0.0,1668051064.741817
893422809.0,0.0,0.0,0.0,400.0,0.0,0.0,0.0,0.0,1668051065.7418299
894422822.0,0.0,0.0,0.0,400.0,0.0,0.0,0.0,0.0,1668051066.741843
895422952.0,0.0,0.0,0.0,400.0,0.0,0.0,0.0,0.0,1668051067.741973
896422954.0,0.0,0.0,0.0,400.0,0.0,0.0,0.0,0.0,1668051068.741975
897422769.0,0.0,0.0,0.0,400.0,0.0,0.0,0.0,0.0,1668051069.74179
898422814.0,0.0,0.0,0.0,400.0,0.0,0.0,0.0,0.0,1668051070.7418349
899422891.0,0.0,0.0,0.0,400.0,0.0,0.0,0.0,0.0,1668051071.741912
900422866.0,0.0,0.0,0.0,400.0,0.0,0.0,0.0,0.0,1668051072.741887
901422774.0,0.0,0.0,0.0,400.0,0.0,0.0,0.0,0.0,1668051073.741795
902422753.0,0.0,0.0,0.0,400.0,0.0,0.0,0.0,0.0,1668051074.741774
903422941.0,0.0,0.0,0.0,400.0,0.0,0.0,0.0,0.0,1668051075.741962
904422790.0,0.0,0.0,0.0,400.0,0.0,0.0,0.0,0.0,1668051076.741811
905423062.0,0.0,0.0,0.0,400.0,0.0,0.0,0.0,0.0,1668051077.742083
906422796.0,0.0,0.0,0.0,400.0,0.0,0.0,0.0,0.0,1668051078.741817
907422729.0,0.0,0.0,0.0,400.0,0.0,0.0,0.0,0.0,1668051079.74175
908422778.0,0.0,0.0,0.0,400.0,0.0,0.0,0.0,0.0,1668051080.7417989
909422831.0,0.0,0.0,0.0,400.0,0.0,0.0,0.0,0.0,1668051081.741852
910423173.0,0.0,0.0,0.0,400.0,0.0,0.0,0.0,0.0,1668051082.742194
911422913.0,0.0,0.0,0.0,400.0,0.0,0.0,0.0,0.0,1668051083.741934
912422778.0,0.0,0.0,0.0,400.0,0.0,0.0,0.0,0.0,1668051084.7417989
913422759.0,0.0,0.0,0.0,400.0,0.0,0.0,0.0,0.0,1668051085.74178
914422943.0,0.0,0.0,0.0,400.0,0.0,0.0,0.0,0.0,1668051086.741964
915422781.0,0.0,0.0,0.0,400.0,0.0,0.0,0.0,0.0,1668051087.741802
916422967.0,0.0,0.0,0.0,400.0,0.0,0.0,0.0,0.0,1668051088.741988
917422811.0,0.0,0.0,0.0,400.0,0.0,0.0,0.0,0.0,1668051089.741832
918422821.0,0.0,0.0,0.0,400.0,0.0,0.0,0.0,0.0,1668051090.741842
919422825.0,0.0,0.0,0.0,400.0,0.0,0.0,0.0,0.0,1668051091.741846
920422853.0,0.0,0.0,0.0,400.0,0.0,0.0,0.0,0.0,1668051092.741874
921422790.0,0.0,0.0,0.0,400.0,0.0,0.0,0.0,0.0,1668051093.741811
922422881.0,0.0,0.0,0.0,400.0,0.0,0.0,0.0,0.0,1668051094.7419019
923422859.0,0.0,0.0,0.0,400.0,0.0,0.0,0.0,0.0,1668051095.74188
924422785.0,0.0,0.0,0.0,400.0,0.0,0.0,0.0,0.0,1668051096.741806
925422841.0,0.0,0.0,0.0,400.0,0.0,0.0,0.0,0.0,1668051097.741862
926422819.0,0.0,0.0,0.0,400.0,0.0,0.0,0.0,0.0,1668051098.74184
927422846.0,0.0,0.0,0.0,400.0,0.0,0.0,0.0,0.0,1668051099.741867
928422843.0,0.0,0.0,0.0,400.0,0.0,0.0,0.0,0.0,1668051100.741864
929422731.0,0.0,0.0,0.0,400.0,0.0,0.0,0.0,0.0,1668051101.741752
930422770.0,0.0,0.0,0.0,400.0,0.0,0.0,0.0,0.0,1668051102.741791
931422920.0,0.0,0.0,0.0,400.0,0.0,0.0,0.0,0.0,1668051103.741941
932422909.0,0.0,0.0,0.0,400.0,0.0,0.0,0.0,0.0,1668051104.74193
933422760.0,0.0,0.0,0.0,400.0,0.0,0.0,0.0,0.0,1668051105.741781
934422782.0,0.0,0.0,0.0,400.0,0.0,0.0,0.0,0.0,1668051106.741803
935422769.0,0.0,0.0,0.0,400.0,0.0,0.0,0.0,0.0,1668051107.74179
936422781.0,0.0,0.0,0.0,400.0,0.0,0.0,0.0,0.0,1668051108.741802
937422935.0,0.0,0.0,0.0,400.0,0.0,0.0,0.0,0.0,1668051109.741956
938422835.0,0.0,0.0,0.0,400.0,0.0,0.0,0.0,0.0,1668051110.741856
939422861.0,0.0,0.0,0.0,400.0,0.0,0.0,0.0,0.0,1668051111.741882
940423036.0,0.0,0.0,0.0,400.0,0.0,0.0,0.0,0.0,1668051112.742057
941422850.0,0.0,0.0,0.0,400.0,0.0,0.0,0.0,0.0,1668051113.7418709
942422793.0,0.0,0.0,0.0,400.0,0.0,0.0,0.0,0.0,1668051114.741814
943422841.0,0.0,0.0,0.0,400.0,0.0,0.0,0.0,0.0,1668051115.741862
944422790.0,0.0,0.0,0.0,400.0,0.0,0.0,0.0,0.0,1668051116.741811
945422839.0,0.0,0.0,0.0,400.0,0.0,0.0,0.0,0.0,1668051117.74186
946422858.0,0.0,0.0,0.0,400.0,0.0,0.0,0.0,0.0,1668051118.741879
947422795.0,0.0,0.0,0.0,400.0,0.0,0.0,0.0,0.0,1668051119.741816
948422846.0,0.0,0.0,0.0,400.0,0.0,0.0,0.0,0.0,1668051120.741867
949422752.0,0.0,0.0,0.0,400.0,0.0,0.0,0.0,0.0,1668051121.741773
950434461.0,0.0,0.0,0.0,400.0,0.0,0.0,0.0,0.0,1668051122.753482
951434623.0,0.0,0.0,0.0,400.0,0.0,0.0,0.0,0.0,1668051123.753644
952434405.0,0.0,0.0,0.0,400.0,0.0,0.0,0.0,0.0,1668051124.753426
953434656.0,0.0,0.0,0.0,400.0,0.0,0.0,0.0,0.0,1668051125.753677
954434446.0,0.0,0.0,0.0,400.0,0.0,0.0,0.0,0.0,1668051126.753467
955434523.0,0.0,0.0,0.0,400.0,0.0,0.0,0.0,0.0,1668051127.753544
956434563.0,0.0,0.0,0.0,400.0,0.0,0.0,0.0,0.0,1668051128.753584
957434419.0,0.0,0.0,0.0,400.0,0.0,0.0,0.0,0.0,1668051129.75344
958434494.0,0.0,0.0,0.0,400.0,0.0,0.0,0.0,0.0,1668051130.753515
959434480.0,0.0,0.0,0.0,400.0,0.0,0.0,0.0,0.0,1668051131.753501
960434598.0,0.0,0.0,0.0,400.0,0.0,0.0,0.0,0.0,1668051132.753619
961434569.0,0.0,0.0,0.0,400.0,0.0,0.0,0.0,0.0,1668051133.7535899
962434564.0,0.0,0.0,0.0,400.0,0.0,0.0,0.0,0.0,1668051134.753585
963434610.0,0.0,0.0,0.0,400.0,0.0,0.0,0.0,0.0,1668051135.7536309
964434528.0,0.0,0.0,0.0,400.0,0.0,0.0,0.0,0.0,1668051136.753549
969435097.0,0.0,0.0,0.0,400.0,0.0,0.0,0.0,0.0,1668051141.754118
970435052.0,0.0,0.0,0.0,400.0,0.0,0.0,0.0,0.0,1668051142.754073
971434790.0,0.0,0.0,0.0,400.0,0.0,0.0,0.0,0.0,1668051143.753811
972434896.0,0.0,0.0,0.0,400.0,0.0,0.0,0.0,0.0,1668051144.753917
973434901.0,0.0,0.0,0.0,400.0,0.0,0.0,0.0,0.0,1668051145.753922
974435150.0,0.0,0.0,0.0,400.0,0.0,0.0,0.0,0.0,1668051146.754171
975434889.0,0.0,0.0,0.0,400.0,0.0,0.0,0.0,0.0,1668051147.75391
976434958.0,0.0,0.0,0.0,400.0,0.0,0.0,0.0,0.0,1668051148.753979
977435023.0,0.0,0.0,0.0,400.0,0.0,0.0,0.0,0.0,1668051149.754044
978435172.0,0.0,0.0,0.0,400.0,0.0,0.0,0.0,0.0,1668051150.754193
979434933.0,0.0,0.0,0.0,400.0,0.0,0.0,0.0,0.0,1668051151.753954
980434973.0,0.0,0.0,0.0,400.0,0.0,0.0,0.0,0.0,1668051152.753994
981435142.0,0.0,0.0,0.0,400.0,0.0,0.0,0.0,0.0,1668051153.754163
982435223.0,0.0,0.0,0.0,400.0,0.0,0.0,0.0,0.0,1668051154.754244
983435064.0,0.0,0.0,0.0,400.0,0.0,0.0,0.0,0.0,1668051155.754085
984435150.0,0.0,0.0,0.0,400.0,0.0,0.0,0.0,0.0,1668051156.754171
985435202.0,0.0,0.0,0.0,400.0,0.0,0.0,0.0,0.0,1668051157.7542229
986434950.0,0.0,0.0,0.0,400.0,0.0,0.0,0.0,0.0,1668051158.753971
987435225.0,0.0,0.0,0.0,400.0,0.0,0.0,0.0,0.0,1668051159.754246
988435118.0,0.0,0.0,0.0,400.0,0.0,0.0,0.0,0.0,1668051160.754139
989435038.0,0.0,0.0,0.0,400.0,0.0,0.0,0.0,0.0,1668051161.754059
990435017.0,0.0,0.0,0.0,400.0,0.0,0.0,0.0,0.0,1668051162.754038
991435144.0,0.0,0.0,0.0,400.0,0.0,0.0,0.0,0.0,1668051163.754165
992272837.0,0.0,0.0,0.0,400.0,0.0,0.0,0.0,0.0,1668051164.591858
993272725.0,0.0,0.0,0.0,400.0,0.0,0.0,0.0,0.0,1668051165.591746
994272677.0,0.0,0.0,0.0,400.0,0.0,0.0,0.0,0.0,1668051166.591698
995272738.0,0.0,0.0,0.0,400.0,0.0,0.0,0.0,0.0,1668051167.591759
996272656.0,0.0,0.0,0.0,400.0,0.0,0.0,0.0,0.0,1668051168.591677
997272775.0,0.0,0.0,0.0,400.0,0.0,0.0,0.0,0.0,1668051169.591796
998272583.0,0.0,0.0,0.0,400.0,0.0,0.0,0.0,0.0,1668051170.591604
999272682.0,0.0,0.0,0.0,400.0,0.0,0.0,0.0,0.0,1668051171.591703
1000272655.0,0.0,0.0,0.0,400.0,0.0,0.0,0.0,0.0,1668051172.591676
1001272736.0,0.0,0.0,0.0,400.0,0.0,0.0,0.0,0.0,1668051173.591757
1002272541.0,0.0,0.0,0.0,400.0,0.0,0.0,0.0,0.0,1668051174.591562
1003272540.0,0.0,0.0,0.0,400.0,0.0,0.0,0.0,0.0,1668051175.591561
1004272638.0,0.0,0.0,0.0,400.0,0.0,0.0,0.0,0.0,1668051176.591659
1005272500.0,0.0,0.0,0.0,400.0,0.0,0.0,0.0,0.0,1668051177.591521
1006272694.0,0.0,0.0,0.0,400.0,0.0,0.0,0.0,0.0,1668051178.591715
1007272578.0,0.0,0.0,0.0,400.0,0.0,0.0,0.0,0.0,1668051179.591599
1008272612.0,0.0,0.0,0.0,400.0,0.0,0.0,0.0,0.0,1668051180.591633
1009272650.0,0.0,0.0,0.0,400.0,0.0,0.0,0.0,0.0,1668051181.591671
1010272829.0,0.0,0.0,0.0,400.0,0.0,0.0,0.0,0.0,1668051182.59185
1011275062.0,0.0,0.0,0.0,400.0,0.0,0.0,0.0,0.0,1668051183.594083
1012274853.0,0.0,0.0,0.0,400.0,0.0,0.0,0.0,0.0,1668051184.593874
1013275061.0,0.0,0.0,0.0,400.0,0.0,0.0,0.0,0.0,1668051185.5940819
1014274814.0,0.0,0.0,0.0,400.0,0.0,0.0,0.0,0.0,1668051186.5938349
1015274943.0,0.0,0.0,0.0,400.0,0.0,0.0,0.0,0.0,1668051187.593964
1016274950.0,0.0,0.0,0.0,400.0,0.0,0.0,0.0,0.0,1668051188.593971
1017274917.0,0.0,0.0,0.0,400.0,0.0,0.0,0.0,0.0,1668051189.5939379
1018275287.0,0.0,0.0,0.0,400.0,0.0,0.0,0.0,0.0,1668051190.594308
1019274963.0,0.0,0.0,0.0,400.0,0.0,0.0,0.0,0.0,1668051191.593984
1020275343.0,0.0,0.0,0.0,400.0,0.0,0.0,0.0,0.0,1668051192.594364
1021277028.0,0.0,0.0,0.0,400.0,0.0,0.0,0.0,0.0,1668051193.596049
1022277003.0,0.0,0.0,0.0,400.0,0.0,0.0,0.0,0.0,1668051194.596024
1023277149.0,0.0,0.0,0.0,400.0,0.0,0.0,0.0,0.0,1668051195.59617
1024276937.0,0.0,0.0,0.0,400.0,0.0,0.0,0.0,0.0,1668051196.595958
1025276950.0,0.0,0.0,0.0,400.0,0.0,0.0,0.0,0.0,1668051197.5959709
1026277045.0,0.0,0.0,0.0,400.0,0.0,0.0,0.0,0.0,1668051198.596066
1027276926.0,0.0,0.0,0.0,400.0,0.0,0.0,0.0,0.0,1668051199.595947
1028276868.0,0.0,0.0,0.0,400.0,0.0,0.0,0.0,0.0,1668051200.595889
1029277182.0,0.0,0.0,0.0,400.0,0.0,0.0,0.0,0.0,1668051201.596203
1030277112.0,0.0,0.0,0.0,400.0,0.0,0.0,0.0,0.0,1668051202.596133
1031277131.0,0.0,0.0,0.0,400.0,0.0,0.0,0.0,0.0,1668051203.596152
1032276940.0,0.0,0.0,0.0,400.0,0.0,0.0,0.0,0.0,1668051204.595961
1033276800.0,0.0,0.0,0.0,400.0,0.0,0.0,0.0,0.0,1668051205.595821
1034276929.0,0.0,0.0,0.0,400.0,0.0,0.0,0.0,0.0,1668051206.59595
1035276940.0,0.0,0.0,0.0,400.0,0.0,0.0,0.0,0.0,1668051207.595961
1036277090.0,0.0,0.0,0.0,400.0,0.0,0.0,0.0,0.0,1668051208.596111
1037277069.0,0.0,0.0,0.0,400.0,0.0,0.0,0.0,0.0,1668051209.59609
1038276952.0,0.0,0.0,0.0,400.0,0.0,0.0,0.0,0.0,1668051210.595973
1039276930.0,0.0,0.0,0.0,400.0,0.0,0.0,0.0,0.0,1668051211.595951
1040276866.0,0.0,0.0,0.0,400.0,0.0,0.0,0.0,0.0,1668051212.595887
1041277019.0,0.0,0.0,0.0,400.0,0.0,0.0,0.0,0.0,1668051213.59604
1042276828.0,0.0,0.0,0.0,400.0,0.0,0.0,0.0,0.0,1668051214.595849
1043277060.0,0.0,0.0,0.0,400.0,0.0,0.0,0.0,0.0,1668051215.596081
1044276943.0,0.0,0.0,0.0,400.0,0.0,0.0,0.0,0.0,1668051216.595964
1045277151.0,0.0,0.0,0.0,400.0,0.0,0.0,0.0,0.0,1668051217.596172
1046277272.0,0.0,0.0,0.0,400.0,0.0,0.0,0.0,0.0,1668051218.596293
1047277116.0,0.0,0.0,0.0,400.0,0.0,0.0,0.0,0.0,1668051219.596137
1048277131.0,0.0,0.0,0.0,400.0,0.0,0.0,0.0,0.0,1668051220.596152
1049277155.0,0.0,0.0,0.0,400.0,0.0,0.0,0.0,0.0,1668051221.596176
1050277275.0,0.0,0.0,0.0,400.0,0.0,0.0,0.0,0.0,1668051222.596296
1051277245.0,0.0,0.0,0.0,400.0,0.0,0.0,0.0,0.0,1668051223.596266
1052277348.0,0.0,0.0,0.0,400.0,0.0,0.0,0.0,0.0,1668051224.596369
1053277046.0,0.0,0.0,0.0,400.0,0.0,0.0,0.0,0.0,1668051225.596067
1054277176.0,0.0,0.0,0.0,400.0,0.0,0.0,0.0,0.0,1668051226.596197
1055277233.0,0.0,0.0,0.0,400.0,0.0,0.0,0.0,0.0,1668051227.5962539
1056277138.0,0.0,0.0,0.0,400.0,0.0,0.0,0.0,0.0,1668051228.596159
1057277135.0,0.0,0.0,0.0,400.0,0.0,0.0,0.0,0.0,1668051229.596156
1058277092.0,0.0,0.0,0.0,400.0,0.0,0.0,0.0,0.0,1668051230.596113
1059277165.0,0.0,0.0,0.0,400.0,0.0,0.0,0.0,0.0,1668051231.596186
1060277124.0,0.0,0.0,0.0,400.0,0.0,0.0,0.0,0.0,1668051232.596145
1061277326.0,0.0,0.0,0.0,400.0,0.0,0.0,0.0,0.0,1668051233.596347
1062277167.0,0.0,0.0,0.0,400.0,0.0,0.0,0.0,0.0,1668051234.596188
1063277140.0,0.0,0.0,0.0,400.0,0.0,0.0,0.0,0.0,1668051235.596161
1064277112.0,0.0,0.0,0.0,400.0,0.0,0.0,0.0,0.0,1668051236.596133
1065277116.0,0.0,0.0,0.0,400.0,0.0,0.0,0.0,0.0,1668051237.596137
1066277298.0,0.0,0.0,0.0,400.0,0.0,0.0,0.0,0.0,1668051238.596319
1067277183.0,0.0,0.0,0.0,400.0,0.0,0.0,0.0,0.0,1668051239.596204
1068277194.0,0.0,0.0,0.0,400.0,0.0,0.0,0.0,0.0,1668051240.596215
1069277146.0,0.0,0.0,0.0,400.0,0.0,0.0,0.0,0.0,1668051241.596167
1070277193.0,0.0,0.0,0.0,400.0,0.0,0.0,0.0,0.0,1668051242.596214
1071277392.0,0.0,0.0,0.0,400.0,0.0,0.0,0.0,0.0,1668051243.596413
1072276986.0,0.0,0.0,0.0,400.0,0.0,0.0,0.0,0.0,1668051244.5960069
1073277144.0,0.0,0.0,0.0,400.0,0.0,0.0,0.0,0.0,1668051245.596165
1074277132.0,0.0,0.0,0.0,400.0,0.0,0.0,0.0,0.0,1668051246.596153
1075277163.0,0.0,0.0,0.0,400.0,0.0,0.0,0.0,0.0,1668051247.596184
1076277238.0,0.0,0.0,0.0,400.0,0.0,0.0,0.0,0.0,1668051248.5962589
1077277212.0,0.0,0.0,0.0,400.0,0.0,0.0,0.0,0.0,1668051249.596233
1078277139.0,0.0,0.0,0.0,400.0,0.0,0.0,0.0,0.0,1668051250.59616
1079277441.0,0.0,0.0,0.0,400.0,0.0,0.0,0.0,0.0,1668051251.596462
1080277057.0,0.0,0.0,0.0,400.0,0.0,0.0,0.0,0.0,1668051252.596078
1081277259.0,0.0,0.0,0.0,400.0,0.0,0.0,0.0,0.0,1668051253.59628
1082277127.0,0.0,0.0,0.0,400.0,0.0,0.0,0.0,0.0,1668051254.596148
1083277055.0,0.0,0.0,0.0,400.0,0.0,0.0,0.0,0.0,1668051255.596076
1084277033.0,0.0,0.0,0.0,400.0,0.0,0.0,0.0,0.0,1668051256.596054
1085277139.0,0.0,0.0,0.0,400.0,0.0,0.0,0.0,0.0,1668051257.59616
1086277351.0,0.0,0.0,0.0,400.0,0.0,0.0,0.0,0.0,1668051258.596372
1087277132.0,0.0,0.0,0.0,400.0,0.0,0.0,0.0,0.0,1668051259.596153
1088277241.0,0.0,0.0,0.0,400.0,0.0,0.0,0.0,0.0,1668051260.596262
1089276944.0,0.0,0.0,0.0,400.0,0.0,0.0,0.0,0.0,1668051261.595965
1090277221.0,0.0,0.0,0.0,400.0,0.0,0.0,0.0,0.0,1668051262.596242
1091277238.0,0.0,0.0,0.0,400.0,0.0,0.0,0.0,0.0,1668051263.5962589
1092277216.0,0.0,0.0,0.0,400.0,0.0,0.0,0.0,0.0,1668051264.596237
1093277020.0,0.0,0.0,0.0,400.0,0.0,0.0,0.0,0.0,1668051265.596041
1094277124.0,0.0,0.0,0.0,400.0,0.0,0.0,0.0,0.0,1668051266.596145
1095277103.0,0.0,0.0,0.0,400.0,0.0,0.0,0.0,0.0,1668051267.596124
1096277120.0,0.0,0.0,0.0,400.0,0.0,0.0,0.0,0.0,1668051268.596141
1097277237.0,0.0,0.0,0.0,400.0,0.0,0.0,0.0,0.0,1668051269.596258
1098277003.0,0.0,0.0,0.0,400.0,0.0,0.0,0.0,0.0,1668051270.596024
1099277050.0,0.0,0.0,0.0,400.0,0.0,0.0,0.0,0.0,1668051271.596071
1100277219.0,0.0,0.0,0.0,400.0,0.0,0.0,0.0,0.0,1668051272.59624
1101277240.0,0.0,0.0,0.0,400.0,0.0,0.0,0.0,0.0,1668051273.596261
1102277138.0,0.0,0.0,0.0,400.0,0.0,0.0,0.0,0.0,1668051274.596159
1103277045.0,0.0,0.0,0.0,400.0,0.0,0.0,0.0,0.0,1668051275.596066
1104277064.0,0.0,0.0,0.0,400.0,0.0,0.0,0.0,0.0,1668051276.596085
1105277138.0,0.0,0.0,0.0,400.0,0.0,0.0,0.0,0.0,1668051277.596159
1106277348.0,0.0,0.0,0.0,400.0,0.0,0.0,0.0,0.0,1668051278.596369
1107277180.0,0.0,0.0,0.0,400.0,0.0,0.0,0.0,0.0,1668051279.596201
1108277122.0,0.0,0.0,0.0,400.0,0.0,0.0,0.0,0.0,1668051280.596143
1109276955.0,0.0,0.0,0.0,400.0,0.0,0.0,0.0,0.0,1668051281.5959759
1110277043.0,0.0,0.0,0.0,400.0,0.0,0.0,0.0,0.0,1668051282.596064
1111277055.0,0.0,0.0,0.0,400.0,0.0,0.0,0.0,0.0,1668051283.596076
1112277146.0,0.0,0.0,0.0,400.0,0.0,0.0,0.0,0.0,1668051284.596167
1113277250.0,0.0,0.0,0.0,400.0,0.0,0.0,0.0,0.0,1668051285.596271
1114277039.0,0.0,0.0,0.0,400.0,0.0,0.0,0.0,0.0,1668051286.59606
1115277068.0,0.0,0.0,0.0,400.0,0.0,0.0,0.0,0.0,1668051287.596089
1116277229.0,0.0,0.0,0.0,400.0,0.0,0.0,0.0,0.0,1668051288.59625
1117277132.0,0.0,0.0,0.0,400.0,0.0,0.0,0.0,0.0,1668051289.596153
1118277150.0,0.0,0.0,0.0,400.0,0.0,0.0,0.0,0.0,1668051290.596171
1119277029.0,0.0,0.0,0.0,400.0,0.0,0.0,0.0,0.0,1668051291.59605
1120277220.0,0.0,0.0,0.0,400.0,0.0,0.0,0.0,0.0,1668051292.596241
1121277317.0,0.0,0.0,0.0,400.0,0.0,0.0,0.0,0.0,1668051293.596338
1122276983.0,0.0,0.0,0.0,400.0,0.0,0.0,0.0,0.0,1668051294.596004
1123277045.0,0.0,0.0,0.0,400.0,0.0,0.0,0.0,0.0,1668051295.596066
1124277339.0,0.0,0.0,0.0,400.0,0.0,0.0,0.0,0.0,1668051296.59636
1125277240.0,0.0,0.0,0.0,400.0,0.0,0.0,0.0,0.0,1668051297.596261
1126277196.0,0.0,0.0,0.0,400.0,0.0,0.0,0.0,0.0,1668051298.596217
1127277175.0,0.0,0.0,0.0,400.0,0.0,0.0,0.0,0.0,1668051299.596196
1128277067.0,0.0,0.0,0.0,400.0,0.0,0.0,0.0,0.0,1668051300.596088
1129277015.0,0.0,0.0,0.0,400.0,0.0,0.0,0.0,0.0,1668051301.596036
1130277173.0,0.0,0.0,0.0,400.0,0.0,0.0,0.0,0.0,1668051302.596194
1131277224.0,0.0,0.0,0.0,400.0,0.0,0.0,0.0,0.0,1668051303.596245
1132277024.0,0.0,0.0,0.0,400.0,0.0,0.0,0.0,0.0,1668051304.596045
1133277353.0,0.0,0.0,0.0,400.0,0.0,0.0,0.0,0.0,1668051305.596374
1134277064.0,0.0,0.0,0.0,400.0,0.0,0.0,0.0,0.0,1668051306.596085
1135277183.0,0.0,0.0,0.0,400.0,0.0,0.0,0.0,0.0,1668051307.596204
1136277201.0,0.0,0.0,0.0,400.0,0.0,0.0,0.0,0.0,1668051308.596222
1137277091.0,0.0,0.0,0.0,400.0,0.0,0.0,0.0,0.0,1668051309.596112
1138277179.0,0.0,0.0,0.0,400.0,0.0,0.0,0.0,0.0,1668051310.5962
1139276977.0,0.0,0.0,0.0,400.0,0.0,0.0,0.0,0.0,1668051311.595998
1140277141.0,0.0,0.0,0.0,400.0,0.0,0.0,0.0,0.0,1668051312.596162
1141277154.0,0.0,0.0,0.0,400.0,0.0,0.0,0.0,0.0,1668051313.596175
1142277306.0,0.0,0.0,0.0,400.0,0.0,0.0,0.0,0.0,1668051314.596327
1143276976.0,0.0,0.0,0.0,400.0,0.0,0.0,0.0,0.0,1668051315.595997
1144277050.0,0.0,0.0,0.0,400.0,0.0,0.0,0.0,0.0,1668051316.596071
1145277105.0,0.0,0.0,0.0,400.0,0.0,0.0,0.0,0.0,1668051317.596126
1146277299.0,0.0,0.0,0.0,400.0,0.0,0.0,0.0,0.0,1668051318.59632
1147277165.0,0.0,0.0,0.0,400.0,0.0,0.0,0.0,0.0,1668051319.596186
1148277169.0,0.0,0.0,0.0,400.0,0.0,0.0,0.0,0.0,1668051320.59619
1149277194.0,0.0,0.0,0.0,400.0,0.0,0.0,0.0,0.0,1668051321.596215
1150277293.0,0.0,0.0,0.0,400.0,0.0,0.0,0.0,0.0,1668051322.596314
1151277361.0,0.0,0.0,0.0,400.0,0.0,0.0,0.0,0.0,1668051323.596382
1152277135.0,0.0,0.0,0.0,400.0,0.0,0.0,0.0,0.0,1668051324.596156
1153277169.0,0.0,0.0,0.0,400.0,0.0,0.0,0.0,0.0,1668051325.59619
1154277264.0,0.0,0.0,0.0,400.0,0.0,0.0,0.0,0.0,1668051326.596285
1155277067.0,0.0,0.0,0.0,400.0,0.0,0.0,0.0,0.0,1668051327.596088
1156112937.0,0.0,0.0,0.0,400.0,0.0,0.0,0.0,0.0,1668051328.431958
1157114631.0,0.0,0.0,0.0,400.0,0.0,0.0,0.0,0.0,1668051329.433652
1158114958.0,0.0,0.0,0.0,400.0,0.0,0.0,0.0,0.0,1668051330.433979
1159115080.0,0.0,0.0,0.0,400.0,0.0,0.0,0.0,0.0,1668051331.434101
1160114950.0,0.0,0.0,0.0,400.0,0.0,0.0,0.0,0.0,1668051332.433971
1161114927.0,0.0,0.0,0.0,400.0,0.0,0.0,0.0,0.0,1668051333.433948
1162114897.0,0.0,0.0,0.0,400.0,0.0,0.0,0.0,0.0,1668051334.433918
1163114965.0,0.0,0.0,0.0,400.0,0.0,0.0,0.0,0.0,1668051335.433986
1164114914.0,0.0,0.0,0.0,400.0,0.0,0.0,0.0,0.0,1668051336.433935
1165115340.0,0.0,0.0,0.0,400.0,0.0,0.0,0.0,0.0,1668051337.434361
1166114936.0,0.0,0.0,0.0,400.0,0.0,0.0,0.0,0.0,1668051338.433957
1167115003.0,0.0,0.0,0.0,400.0,0.0,0.0,0.0,0.0,1668051339.434024
1168115176.0,0.0,0.0,0.0,400.0,0.0,0.0,0.0,0.0,1668051340.434197
1169115152.0,0.0,0.0,0.0,400.0,0.0,0.0,0.0,0.0,1668051341.4341729
1170115169.0,0.0,0.0,0.0,400.0,0.0,0.0,0.0,0.0,1668051342.43419
1171115121.0,0.0,0.0,0.0,400.0,0.0,0.0,0.0,0.0,1668051343.4341419
1172115250.0,0.0,0.0,0.0,400.0,0.0,0.0,0.0,0.0,1668051344.434271
1173115207.0,0.0,0.0,0.0,400.0,0.0,0.0,0.0,0.0,1668051345.434228
1174115325.0,0.0,0.0,0.0,400.0,0.0,0.0,0.0,0.0,1668051346.434346
1175129763.0,0.0,0.0,0.0,400.0,0.0,0.0,0.0,0.0,1668051347.4487839
1176129802.0,0.0,0.0,0.0,400.0,0.0,0.0,0.0,0.0,1668051348.448823
1177129734.0,0.0,0.0,0.0,400.0,0.0,0.0,0.0,0.0,1668051349.448755
1178129860.0,0.0,0.0,0.0,400.0,0.0,0.0,0.0,0.0,1668051350.448881
1179129866.0,0.0,0.0,0.0,400.0,0.0,0.0,0.0,0.0,1668051351.4488869
1180129941.0,0.0,0.0,0.0,400.0,0.0,0.0,0.0,0.0,1668051352.448962
1181129801.0,0.0,0.0,0.0,400.0,0.0,0.0,0.0,0.0,1668051353.448822
1182129947.0,0.0,0.0,0.0,400.0,0.0,0.0,0.0,0.0,1668051354.448968
1183129727.0,0.0,0.0,0.0,400.0,0.0,0.0,0.0,0.0,1668051355.4487479
1184129784.0,0.0,0.0,0.0,400.0,0.0,0.0,0.0,0.0,1668051356.448805
1185129777.0,0.0,0.0,0.0,400.0,0.0,0.0,0.0,0.0,1668051357.448798
1186129744.0,0.0,0.0,0.0,400.0,0.0,0.0,0.0,0.0,1668051358.448765
1187129779.0,0.0,0.0,0.0,400.0,0.0,0.0,0.0,0.0,1668051359.4488
1188129838.0,0.0,0.0,0.0,400.0,0.0,0.0,0.0,0.0,1668051360.448859
1189129792.0,0.0,0.0,0.0,400.0,0.0,0.0,0.0,0.0,1668051361.448813
